team1,team2,winner,margin,venue,match_date,match_no
New Zealand,Australia,Australia,44 runs,Auckland,"Feb 17, 2005",T20I # 1
England,Australia,England,100 runs,Southampton,"Jun 13, 2005",T20I # 2
South Africa,New Zealand,New Zealand,5 wickets,Johannesburg,"Oct 21, 2005",T20I # 3
South Africa,India,India,21 runs,Durban,"Jan 9, 2011",T20I # 196
Australia,England,England,1 wicket,Adelaide,"Jan 12, 2011",T20I # 197
Australia,England,Australia,4 runs,Melbourne,"Jan 14, 2011",T20I # 198
West Indies,Pakistan,West Indies,7 runs,Gros Islet,"Apr 21, 2011",T20I # 199
West Indies,India,India,16 runs,Port of Spain,"Jun 4, 2011",T20I # 200
England,Sri Lanka,Sri Lanka,9 wickets,Bristol,"Jun 25, 2011",T20I # 201
Sri Lanka,Australia,Sri Lanka,35 runs,Pallekele,"Aug 6, 2011",T20I # 202
Sri Lanka,Australia,Sri Lanka,8 runs,Pallekele,"Aug 8, 2011",T20I # 203
England,India,England,6 wickets,Manchester,"Aug 31, 2011",T20I # 204
Zimbabwe,Pakistan,Pakistan,85 runs,Harare,"Sep 16, 2011",T20I # 205
Zimbabwe,Pakistan,Pakistan,5 runs,Harare,"Sep 18, 2011",T20I # 206
England,West Indies,England,10 wickets,The Oval,"Sep 23, 2011",T20I # 207
England,West Indies,West Indies,25 runs,The Oval,"Sep 25, 2011",T20I # 208
Bangladesh,West Indies,Bangladesh,3 wickets,Dhaka,"Oct 11, 2011",T20I # 209
South Africa,Australia,Australia,5 wickets,Cape Town,"Oct 13, 2011",T20I # 210
Zimbabwe,New Zealand,New Zealand,10 wickets,Harare,"Oct 15, 2011",T20I # 211
South Africa,Australia,South Africa,3 wickets,Johannesburg,"Oct 16, 2011",T20I # 212
Zimbabwe,New Zealand,New Zealand,34 runs,Harare,"Oct 17, 2011",T20I # 213
India,England,England,6 wickets,Kolkata,"Oct 29, 2011",T20I # 214
Pakistan,Sri Lanka,Pakistan,5 wickets,Abu Dhabi,"Nov 25, 2011",T20I # 215
Bangladesh,Pakistan,Pakistan,50 runs,Dhaka,"Nov 29, 2011",T20I # 216
Australia,South Africa,Australia,95 runs,Brisbane,"Jan 9, 2006",T20I # 4
New Zealand,West Indies,tied,Auckland,"Feb 16, 2006",T20I # 5,
South Africa,Australia,South Africa,2 runs,Johannesburg,"Feb 24, 2006",T20I # 6
England,Sri Lanka,Sri Lanka,2 runs,Southampton,"Jun 15, 2006",T20I # 7
England,Pakistan,Pakistan,5 wickets,Bristol,"Aug 28, 2006",T20I # 8
Bangladesh,Zimbabwe,Bangladesh,43 runs,Khulna,"Nov 28, 2006",T20I # 9
South Africa,India,India,6 wickets,Johannesburg,"Dec 1, 2006",T20I # 10
New Zealand,Sri Lanka,Sri Lanka,18 runs,Wellington,"Dec 22, 2006",T20I # 11
New Zealand,Sri Lanka,New Zealand,5 wickets,Auckland,"Dec 26, 2006",T20I # 12
South Africa,West Indies,South Africa,4 wickets,Johannesburg,"Jan 18, 2008",T20I # 51
Australia,India,Australia,9 wickets,Melbourne,"Feb 1, 2008",T20I # 52
New Zealand,England,England,32 runs,Auckland,"Feb 5, 2008",T20I # 53
New Zealand,England,England,50 runs,Christchurch,"Feb 7, 2008",T20I # 54
Pakistan,Bangladesh,Pakistan,102 runs,Karachi,"Apr 20, 2008",T20I # 55
England,New Zealand,England,9 wickets,Manchester,"Jun 13, 2008",T20I # 56
West Indies,Australia,West Indies,7 wickets,Bridgetown,"Jun 20, 2008",T20I # 57
Kenya,Netherlands,Netherlands,19 runs,Belfast,"Aug 2, 2008",T20I # 58
Ireland,Scotland,Ireland,4 wickets,Belfast,"Aug 2, 2008",T20I # 59
Canada,Netherlands,Canada,4 wickets,Belfast,"Aug 2, 2008",T20I # 60
Bermuda,Scotland,Scotland,8 wickets,Belfast,"Aug 3, 2008",T20I # 61
Canada,Kenya,Kenya,4 wickets,Belfast,"Aug 3, 2008",T20I # 62
Ireland,Bermuda,Ireland,4 runs,Belfast,"Aug 3, 2008",T20I # 63
Ireland,Kenya,Ireland,4 wickets,Belfast,"Aug 4, 2008",T20I # 64
Netherlands,Scotland,Netherlands,5 wickets,Belfast,"Aug 4, 2008",T20I # 65
Kenya,Scotland,Scotland,9 wickets,Belfast,"Aug 4, 2008",T20I # 66
Bermuda,Canada,Canada,8 wickets,Belfast,"Aug 5, 2008",T20I # 67
Ireland,Netherlands,no result,Belfast,"Aug 5, 2008",T20I # 68,
Sri Lanka,Zimbabwe,Sri Lanka,5 wickets,King City (NW),"Oct 10, 2008",T20I # 69
Canada,Pakistan,Pakistan,35 runs,King City (NW),"Oct 10, 2008",T20I # 70
Canada,Zimbabwe,tied,King City (NW),"Oct 11, 2008",T20I # 71,
Pakistan,Sri Lanka,Pakistan,3 wickets,King City (NW),"Oct 11, 2008",T20I # 72
Pakistan,Zimbabwe,Pakistan,7 wickets,King City (NW),"Oct 12, 2008",T20I # 73
Canada,Sri Lanka,Sri Lanka,15 runs,King City (NW),"Oct 12, 2008",T20I # 74
Canada,Zimbabwe,Zimbabwe,109 runs,King City (NW),"Oct 13, 2008",T20I # 75
Pakistan,Sri Lanka,Sri Lanka,5 wickets,King City (NW),"Oct 13, 2008",T20I # 76
South Africa,Bangladesh,South Africa,12 runs,Johannesburg,"Nov 5, 2008",T20I # 77
New Zealand,West Indies,tied,Auckland,"Dec 26, 2008",T20I # 78,
New Zealand,West Indies,New Zealand,36 runs,Hamilton,"Dec 28, 2008",T20I # 79
Australia,England,Australia,77 runs,Sydney,"Jan 9, 2007",T20I # 13
South Africa,Pakistan,South Africa,10 wickets,Johannesburg,"Feb 2, 2007",T20I # 14
England,West Indies,West Indies,15 runs,The Oval,"Jun 28, 2007",T20I # 15
England,West Indies,England,5 wickets,The Oval,"Jun 29, 2007",T20I # 16
Kenya,Bangladesh,Bangladesh,5 wickets,Nairobi (Gym),"Sep 1, 2007",T20I # 17
Bangladesh,Pakistan,Pakistan,30 runs,Nairobi (Gym),"Sep 2, 2007",T20I # 18
Kenya,Pakistan,Pakistan,8 wickets,Nairobi (Gym),"Sep 4, 2007",T20I # 19
South Africa,West Indies,South Africa,8 wickets,Johannesburg,"Sep 11, 2007",T20I # 20
Kenya,New Zealand,New Zealand,9 wickets,Durban,"Sep 12, 2007",T20I # 21
Pakistan,Scotland,Pakistan,51 runs,Durban,"Sep 12, 2007",T20I # 22
Australia,Zimbabwe,Zimbabwe,5 wickets,Cape Town,"Sep 12, 2007",T20I # 23
Bangladesh,West Indies,Bangladesh,6 wickets,Johannesburg,"Sep 13, 2007",T20I # 24
England,Zimbabwe,England,50 runs,Cape Town,"Sep 13, 2007",T20I # 25
India,Scotland,no result,Durban,"Sep 13, 2007",T20I # 26,
Kenya,Sri Lanka,Sri Lanka,172 runs,Johannesburg,"Sep 14, 2007",T20I # 27
Australia,South Africa,Australia,52 runs,Melbourne,"Jan 11, 2009",T20I # 80
Australia,England,Australia,8 wickets,Cape Town,"Sep 14, 2007",T20I # 28
India,Pakistan,tied,Durban,"Sep 14, 2007",T20I # 29,
New Zealand,Sri Lanka,Sri Lanka,7 wickets,Johannesburg,"Sep 15, 2007",T20I # 30
South Africa,Bangladesh,South Africa,7 wickets,Cape Town,"Sep 15, 2007",T20I # 31
India,New Zealand,New Zealand,10 runs,Johannesburg,"Sep 16, 2007",T20I # 32
Australia,Bangladesh,Australia,9 wickets,Cape Town,"Sep 16, 2007",T20I # 33
South Africa,England,South Africa,19 runs,Cape Town,"Sep 16, 2007",T20I # 34
Pakistan,Sri Lanka,Pakistan,33 runs,Johannesburg,"Sep 17, 2007",T20I # 35
England,New Zealand,New Zealand,5 runs,Durban,"Sep 18, 2007",T20I # 36
Australia,Pakistan,Pakistan,6 wickets,Johannesburg,"Sep 18, 2007",T20I # 37
Bangladesh,Sri Lanka,Sri Lanka,64 runs,Johannesburg,"Sep 18, 2007",T20I # 38
South Africa,New Zealand,South Africa,6 wickets,Durban,"Sep 19, 2007",T20I # 39
England,India,India,18 runs,Durban,"Sep 19, 2007",T20I # 40
Australia,South Africa,Australia,6 wickets,Brisbane,"Jan 13, 2009",T20I # 81
Sri Lanka,India,India,3 wickets,Colombo (RPS),"Feb 10, 2009",T20I # 82
Australia,New Zealand,Australia,1 run,Sydney,"Feb 15, 2009",T20I # 83
New Zealand,India,New Zealand,7 wickets,Christchurch,"Feb 25, 2009",T20I # 84
New Zealand,India,New Zealand,5 wickets,Wellington,"Feb 27, 2009",T20I # 85
West Indies,England,West Indies,6 wickets,Port of Spain,"Mar 15, 2009",T20I # 86
South Africa,Australia,South Africa,4 wickets,Johannesburg,"Mar 27, 2009",T20I # 87
South Africa,Australia,South Africa,17 runs,Centurion,"Mar 29, 2009",T20I # 88
Australia,Pakistan,Pakistan,7 wickets,Dubai (DSC),"May 7, 2009",T20I # 89
England,Netherlands,Netherlands,4 wickets,Lord's,"Jun 5, 2009",T20I # 90
New Zealand,Scotland,New Zealand,7 wickets,The Oval,"Jun 6, 2009",T20I # 91
Australia,West Indies,West Indies,7 wickets,The Oval,"Jun 6, 2009",T20I # 92
Bangladesh,India,India,25 runs,Nottingham,"Jun 6, 2009",T20I # 93
Scotland,South Africa,South Africa,130 runs,The Oval,"Jun 7, 2009",T20I # 94
England,Pakistan,England,48 runs,The Oval,"Jun 7, 2009",T20I # 95
Australia,Sri Lanka,Australia,10 wickets,Cape Town,"Sep 20, 2007",T20I # 41
Bangladesh,Pakistan,Pakistan,4 wickets,Cape Town,"Sep 20, 2007",T20I # 42
South Africa,India,India,37 runs,Durban,"Sep 20, 2007",T20I # 43
New Zealand,Pakistan,Pakistan,6 wickets,Cape Town,"Sep 22, 2007",T20I # 44
Australia,India,India,15 runs,Durban,"Sep 22, 2007",T20I # 45
India,Pakistan,India,5 runs,Johannesburg,"Sep 24, 2007",T20I # 46
India,Australia,India,7 wickets,Mumbai (BS),"Oct 20, 2007",T20I # 47
South Africa,New Zealand,South Africa,3 wickets,Johannesburg,"Nov 23, 2007",T20I # 48
Australia,New Zealand,Australia,54 runs,Perth,"Dec 11, 2007",T20I # 49
South Africa,West Indies,West Indies,5 wickets,Port Elizabeth,"Dec 16, 2007",T20I # 50
Bangladesh,Ireland,Ireland,6 wickets,Nottingham,"Jun 8, 2009",T20I # 96
Australia,Sri Lanka,Sri Lanka,6 wickets,Nottingham,"Jun 8, 2009",T20I # 97
Netherlands,Pakistan,Pakistan,82 runs,Lord's,"Jun 9, 2009",T20I # 98
New Zealand,South Africa,South Africa,1 run,Lord's,"Jun 9, 2009",T20I # 99
Sri Lanka,West Indies,Sri Lanka,15 runs,Nottingham,"Jun 10, 2009",T20I # 100
India,Ireland,India,8 wickets,Nottingham,"Jun 10, 2009",T20I # 101
Ireland,New Zealand,New Zealand,83 runs,Nottingham,"Jun 11, 2009",T20I # 102
England,South Africa,South Africa,7 wickets,Nottingham,"Jun 11, 2009",T20I # 103
Pakistan,Sri Lanka,Sri Lanka,19 runs,Lord's,"Jun 12, 2009",T20I # 104
India,West Indies,West Indies,7 wickets,Lord's,"Jun 12, 2009",T20I # 105
South Africa,West Indies,South Africa,20 runs,The Oval,"Jun 13, 2009",T20I # 106
New Zealand,Pakistan,Pakistan,6 wickets,The Oval,"Jun 13, 2009",T20I # 107
Ireland,Sri Lanka,Sri Lanka,9 runs,Lord's,"Jun 14, 2009",T20I # 108
England,India,England,3 runs,Lord's,"Jun 14, 2009",T20I # 109
Ireland,Pakistan,Pakistan,39 runs,The Oval,"Jun 15, 2009",T20I # 110
England,West Indies,West Indies,5 wickets,The Oval,"Jun 15, 2009",T20I # 111
New Zealand,Sri Lanka,Sri Lanka,48 runs,Nottingham,"Jun 16, 2009",T20I # 112
India,South Africa,South Africa,12 runs,Nottingham,"Jun 16, 2009",T20I # 113
Pakistan,South Africa,Pakistan,7 runs,Nottingham,"Jun 18, 2009",T20I # 114
Sri Lanka,West Indies,Sri Lanka,57 runs,The Oval,"Jun 19, 2009",T20I # 115
Pakistan,Sri Lanka,Pakistan,8 wickets,Lord's,"Jun 21, 2009",T20I # 116
West Indies,Bangladesh,West Indies,5 wickets,Basseterre,"Aug 2, 2009",T20I # 117
Sri Lanka,Pakistan,Pakistan,52 runs,Colombo (RPS),"Aug 12, 2009",T20I # 118
England,Australia,no result,Manchester,"Aug 30, 2009",T20I # 119,
Sri Lanka,New Zealand,New Zealand,3 runs,Colombo (RPS),"Sep 2, 2009",T20I # 120
Sri Lanka,New Zealand,New Zealand,22 runs,Colombo (RPS),"Sep 4, 2009",T20I # 121
New Zealand,Pakistan,Pakistan,49 runs,Dubai (DSC),"Nov 12, 2009",T20I # 122
New Zealand,Pakistan,Pakistan,7 runs,Dubai (DSC),"Nov 13, 2009",T20I # 123
South Africa,England,England,1 run,Johannesburg,"Nov 13, 2009",T20I # 124
South Africa,England,South Africa,84 runs,Centurion,"Nov 15, 2009",T20I # 125
India,Sri Lanka,Sri Lanka,29 runs,Nagpur,"Dec 9, 2009",T20I # 126
India,Sri Lanka,India,6 wickets,Mohali,"Dec 12, 2009",T20I # 127
Afghanistan,Ireland,Ireland,5 wickets,Colombo (PSS),"Feb 1, 2010",T20I # 128
Australia,Sri Lanka,Sri Lanka,5 wickets,Sydney,"Jan 26, 2013",T20I # 299
Kenya,Scotland,Kenya,10 wickets,Nairobi (Gym),"Feb 1, 2010",T20I # 129
Canada,Ireland,Canada,4 runs,Colombo (SSC),"Feb 3, 2010",T20I # 130
New Zealand,Bangladesh,New Zealand,10 wickets,Hamilton,"Feb 3, 2010",T20I # 131
Afghanistan,Canada,Afghanistan,5 wickets,Colombo (SSC),"Feb 4, 2010",T20I # 132
Kenya,Scotland,Kenya,10 wickets,Nairobi (Gym),"Feb 4, 2010",T20I # 133
Australia,Pakistan,Australia,2 runs,Melbourne,"Feb 5, 2010",T20I # 134
Afghanistan,Ireland,Afghanistan,13 runs,Dubai (DSC),"Feb 9, 2010",T20I # 135
Canada,Netherlands,Netherlands,6 wickets,Dubai (DSC),"Feb 9, 2010",T20I # 136
Afghanistan,Scotland,Afghanistan,14 runs,Abu Dhabi,"Feb 10, 2010",T20I # 137
Canada,Kenya,Kenya,9 wickets,Dubai (DSC),"Feb 10, 2010",T20I # 138
Kenya,Netherlands,Netherlands,7 wickets,Abu Dhabi,"Feb 11, 2010",T20I # 139
Ireland,Scotland,Ireland,37 runs,Dubai (DSC),"Feb 11, 2010",T20I # 140
Afghanistan,Netherlands,Netherlands,4 wickets,Dubai (DSC),"Feb 12, 2010",T20I # 141
Ireland,Netherlands,Ireland,65 runs,Dubai (DSC),"Feb 13, 2010",T20I # 142
Australia,India,Australia,31 runs,Sydney,"Feb 1, 2012",T20I # 217
Australia,Sri Lanka,Sri Lanka,2 runs,Melbourne,"Jan 28, 2013",T20I # 300
New Zealand,England,England,40 runs,Auckland,"Feb 9, 2013",T20I # 301
New Zealand,England,New Zealand,55 runs,Hamilton,"Feb 12, 2013",T20I # 302
Australia,West Indies,West Indies,27 runs,Brisbane,"Feb 13, 2013",T20I # 303
New Zealand,England,England,10 wickets,Wellington,"Feb 15, 2013",T20I # 304
West Indies,Zimbabwe,West Indies,8 wickets,North Sound,"Mar 2, 2013",T20I # 305
South Africa,Pakistan,Pakistan,95 runs,Centurion,"Mar 3, 2013",T20I # 306
Afghanistan,Scotland,Afghanistan,27 runs,Sharjah,"Mar 3, 2013",T20I # 307
West Indies,Zimbabwe,West Indies,41 runs,North Sound,"Mar 3, 2013",T20I # 308
Afghanistan,Scotland,Afghanistan,7 wickets,Sharjah,"Mar 4, 2013",T20I # 309
Canada,Kenya,Canada,5 wickets,ICCA Dubai,"Mar 15, 2013",T20I # 310
Canada,Kenya,Kenya,21 runs,ICCA Dubai,"Mar 16, 2013",T20I # 311
Afghanistan,Ireland,Afghanistan,8 wickets,Dubai (DSC),"Feb 13, 2010",T20I # 143
England,Pakistan,England,7 wickets,Dubai (DSC),"Feb 19, 2010",T20I # 144
England,Pakistan,Pakistan,4 wickets,Dubai (DSC),"Feb 20, 2010",T20I # 145
Australia,West Indies,Australia,38 runs,Hobart,"Feb 21, 2010",T20I # 146
Australia,West Indies,Australia,8 wickets,Sydney,"Feb 23, 2010",T20I # 147
New Zealand,Australia,Australia,6 wickets,Wellington,"Feb 26, 2010",T20I # 148
New Zealand,Australia,tied,Christchurch,"Feb 28, 2010",T20I # 149,
West Indies,Zimbabwe,Zimbabwe,26 runs,Port of Spain,"Feb 28, 2010",T20I # 150
New Zealand,Sri Lanka,New Zealand,2 wickets,Providence,"Apr 30, 2010",T20I # 151
West Indies,Ireland,West Indies,70 runs,Providence,"Apr 30, 2010",T20I # 152
Afghanistan,India,India,7 wickets,Gros Islet,"May 1, 2010",T20I # 153
Australia,India,India,8 wickets,Melbourne,"Feb 3, 2012",T20I # 218
New Zealand,Zimbabwe,New Zealand,7 wickets,Auckland,"Feb 11, 2012",T20I # 219
New Zealand,Zimbabwe,New Zealand,5 wickets,Hamilton,"Feb 14, 2012",T20I # 220
New Zealand,South Africa,New Zealand,6 wickets,Wellington,"Feb 17, 2012",T20I # 221
New Zealand,South Africa,South Africa,8 wickets,Hamilton,"Feb 19, 2012",T20I # 222
New Zealand,South Africa,South Africa,3 runs,Auckland,"Feb 22, 2012",T20I # 223
Kenya,Ireland,Ireland,6 wickets,Mombasa,"Feb 22, 2012",T20I # 224
Kenya,Ireland,Ireland,8 wickets,Mombasa,"Feb 23, 2012",T20I # 225
England,Pakistan,Pakistan,8 runs,Dubai (DSC),"Feb 23, 2012",T20I # 226
Kenya,Ireland,Ireland,2 runs,Mombasa,"Feb 24, 2012",T20I # 227
England,Pakistan,England,38 runs,Dubai (DSC),"Feb 25, 2012",T20I # 228
England,Pakistan,England,5 runs,Abu Dhabi,"Feb 27, 2012",T20I # 229
Canada,Netherlands,Netherlands,42 runs,Dubai (DSC),"Mar 13, 2012",T20I # 230
Sri Lanka,Bangladesh,Sri Lanka,17 runs,Pallekele,"Mar 31, 2013",T20I # 312
Kenya,Netherlands,Kenya,5 wickets,Windhoek,"Apr 19, 2013",T20I # 313
Kenya,Netherlands,Kenya,7 wickets,Windhoek,"Apr 20, 2013",T20I # 314
Zimbabwe,Bangladesh,Zimbabwe,6 runs,Bulawayo,"May 11, 2013",T20I # 315
Zimbabwe,Bangladesh,Bangladesh,34 runs,Bulawayo,"May 12, 2013",T20I # 316
England,New Zealand,New Zealand,5 runs,The Oval,"Jun 25, 2013",T20I # 317
England,New Zealand,no result,The Oval,"Jun 27, 2013",T20I # 318,
Scotland,Kenya,Scotland,35 runs,Aberdeen,"Jul 4, 2013",T20I # 319
Scotland,Kenya,Scotland,7 wickets,Aberdeen,"Jul 5, 2013",T20I # 320
West Indies,Pakistan,Pakistan,2 wickets,Kingstown,"Jul 27, 2013",T20I # 321
West Indies,Pakistan,Pakistan,11 runs,Kingstown,"Jul 28, 2013",T20I # 322
Sri Lanka,South Africa,South Africa,12 runs,Colombo (RPS),"Aug 2, 2013",T20I # 323
Sri Lanka,South Africa,South Africa,22 runs,Hambantota,"Aug 4, 2013",T20I # 324
Sri Lanka,South Africa,Sri Lanka,6 wickets,Hambantota,"Aug 6, 2013",T20I # 325
Bangladesh,Pakistan,Pakistan,21 runs,Gros Islet,"May 1, 2010",T20I # 154
India,South Africa,India,14 runs,Gros Islet,"May 2, 2010",T20I # 155
Australia,Pakistan,Australia,34 runs,Gros Islet,"May 2, 2010",T20I # 156
Sri Lanka,Zimbabwe,Sri Lanka,14 runs,Providence,"May 3, 2010",T20I # 157
West Indies,England,West Indies,8 wickets,Providence,"May 3, 2010",T20I # 158
New Zealand,Zimbabwe,New Zealand,7 runs,Providence,"May 4, 2010",T20I # 159
England,Ireland,no result,Providence,"May 4, 2010",T20I # 160,
Australia,Bangladesh,Australia,27 runs,Bridgetown,"May 5, 2010",T20I # 161
Afghanistan,South Africa,South Africa,59 runs,Bridgetown,"May 5, 2010",T20I # 162
England,Pakistan,England,6 wickets,Bridgetown,"May 6, 2010",T20I # 163
New Zealand,South Africa,South Africa,13 runs,Bridgetown,"May 6, 2010",T20I # 164
Australia,India,Australia,49 runs,Bridgetown,"May 7, 2010",T20I # 165
West Indies,Sri Lanka,Sri Lanka,57 runs,Bridgetown,"May 7, 2010",T20I # 166
Kenya,Scotland,Scotland,14 runs,ICCA Dubai,"Mar 13, 2012",T20I # 231
Ireland,Kenya,Ireland,10 wickets,Dubai (DSC),"Mar 14, 2012",T20I # 232
Afghanistan,Netherlands,Afghanistan,4 wickets,Dubai (DSC),"Mar 14, 2012",T20I # 233
Afghanistan,Canada,Afghanistan,41 runs,ICCA Dubai,"Mar 18, 2012",T20I # 234
Ireland,Scotland,Ireland,17 runs,Dubai (DSC),"Mar 18, 2012",T20I # 235
Canada,Ireland,Ireland,10 wickets,Dubai (DSC),"Mar 22, 2012",T20I # 236
Netherlands,Scotland,Netherlands,3 wickets,ICCA Dubai,"Mar 22, 2012",T20I # 237
Ireland,Netherlands,Ireland,7 wickets,Dubai (DSC),"Mar 23, 2012",T20I # 238
Canada,Scotland,Scotland,4 wickets,Dubai (DSC),"Mar 23, 2012",T20I # 239
Afghanistan,Ireland,Ireland,5 wickets,Dubai (DSC),"Mar 24, 2012",T20I # 240
West Indies,Australia,Australia,8 wickets,Gros Islet,"Mar 27, 2012",T20I # 241
South Africa,India,South Africa,11 runs,Johannesburg,"Mar 30, 2012",T20I # 242
Zimbabwe,Pakistan,Pakistan,25 runs,Harare,"Aug 23, 2013",T20I # 326
Zimbabwe,Pakistan,Pakistan,19 runs,Harare,"Aug 24, 2013",T20I # 327
England,Australia,Australia,39 runs,Southampton,"Aug 29, 2013",T20I # 328
England,Australia,England,27 runs,Chester-le-Street,"Aug 31, 2013",T20I # 329
Afghanistan,Kenya,Afghanistan,106 runs,Sharjah,"Sep 30, 2013",T20I # 330
India,Australia,India,6 wickets,Rajkot,"Oct 10, 2013",T20I # 331
Afghanistan,Kenya,Kenya,34 runs,Sharjah,"Oct 11, 2013",T20I # 332
Bangladesh,New Zealand,New Zealand,15 runs,Dhaka,"Nov 6, 2013",T20I # 333
Pakistan,South Africa,South Africa,9 wickets,Dubai (DSC),"Nov 13, 2013",T20I # 334
New Zealand,Pakistan,New Zealand,1 run,Bridgetown,"May 8, 2010",T20I # 167
England,South Africa,England,39 runs,Bridgetown,"May 8, 2010",T20I # 168
West Indies,India,West Indies,14 runs,Bridgetown,"May 9, 2010",T20I # 169
Australia,Sri Lanka,Australia,81 runs,Bridgetown,"May 9, 2010",T20I # 170
Pakistan,South Africa,Pakistan,11 runs,Gros Islet,"May 10, 2010",T20I # 171
England,New Zealand,England,3 wickets,Gros Islet,"May 10, 2010",T20I # 172
India,Sri Lanka,Sri Lanka,5 wickets,Gros Islet,"May 11, 2010",T20I # 173
West Indies,Australia,Australia,6 wickets,Gros Islet,"May 11, 2010",T20I # 174
England,Sri Lanka,England,7 wickets,Gros Islet,"May 13, 2010",T20I # 175
Australia,Pakistan,Australia,3 wickets,Gros Islet,"May 14, 2010",T20I # 176
Australia,England,England,7 wickets,Bridgetown,"May 16, 2010",T20I # 177
West Indies,South Africa,South Africa,13 runs,North Sound,"May 19, 2010",T20I # 178
West Indies,South Africa,South Africa,1 run,North Sound,"May 20, 2010",T20I # 179
New Zealand,Sri Lanka,New Zealand,28 runs,Lauderhill,"May 22, 2010",T20I # 180
New Zealand,Sri Lanka,Sri Lanka,7 wickets,Lauderhill,"May 23, 2010",T20I # 181
Zimbabwe,India,India,6 wickets,Harare,"Jun 12, 2010",T20I # 182
West Indies,Australia,West Indies,14 runs,Bridgetown,"Mar 30, 2012",T20I # 243
Sri Lanka,Pakistan,Sri Lanka,37 runs,Hambantota,"Jun 1, 2012",T20I # 244
Sri Lanka,Pakistan,Pakistan,23 runs,Hambantota,"Jun 3, 2012",T20I # 245
England,West Indies,England,7 wickets,Nottingham,"Jun 24, 2012",T20I # 246
New Zealand,West Indies,West Indies,56 runs,Lauderhill,"Jun 30, 2012",T20I # 247
New Zealand,West Indies,West Indies,61 runs,Lauderhill,"Jul 1, 2012",T20I # 248
Ireland,Bangladesh,Bangladesh,71 runs,Belfast,"Jul 18, 2012",T20I # 249
Ireland,Bangladesh,Bangladesh,1 run,Belfast,"Jul 20, 2012",T20I # 250
Ireland,Bangladesh,Bangladesh,2 wickets,Belfast,"Jul 21, 2012",T20I # 251
Bangladesh,Scotland,Scotland,34 runs,The Hague,"Jul 24, 2012",T20I # 252
Afghanistan,Netherlands,Netherlands,7 wickets,Sharjah,"Nov 15, 2013",T20I # 335
Pakistan,South Africa,South Africa,6 runs,Dubai (DSC),"Nov 15, 2013",T20I # 336
Afghanistan,Scotland,Afghanistan,17 runs,Sharjah,"Nov 16, 2013",T20I # 337
Canada,Ireland,Ireland,2 runs,Abu Dhabi,"Nov 16, 2013",T20I # 338
Kenya,Scotland,Kenya,92 runs,ICCA Dubai,"Nov 19, 2013",T20I # 339
South Africa,Pakistan,South Africa,4 runs,Johannesburg,"Nov 20, 2013",T20I # 340
Sri Lanka,New Zealand,Sri Lanka,8 wickets,Pallekele,"Nov 21, 2013",T20I # 341
Netherlands,Scotland,Scotland,15 runs,ICCA Dubai,"Nov 22, 2013",T20I # 342
South Africa,Pakistan,Pakistan,6 runs,Cape Town,"Nov 22, 2013",T20I # 343
Kenya,Netherlands,Netherlands,29 runs,ICCA Dubai,"Nov 23, 2013",T20I # 344
Afghanistan,Kenya,Afghanistan,34 runs,Sharjah,"Nov 24, 2013",T20I # 345
Canada,Kenya,Kenya,21 runs,Sharjah,"Nov 26, 2013",T20I # 346
Netherlands,Scotland,Netherlands,8 wickets,Abu Dhabi,"Nov 28, 2013",T20I # 347
Afghanistan,Ireland,Ireland,68 runs,Abu Dhabi,"Nov 30, 2013",T20I # 348
Zimbabwe,India,India,7 wickets,Harare,"Jun 13, 2010",T20I # 183
Australia,Pakistan,Pakistan,23 runs,Birmingham,"Jul 5, 2010",T20I # 184
Australia,Pakistan,Pakistan,11 runs,Birmingham,"Jul 6, 2010",T20I # 185
England,Pakistan,England,5 wickets,Cardiff,"Sep 5, 2010",T20I # 186
England,Pakistan,England,6 wickets,Cardiff,"Sep 7, 2010",T20I # 187
South Africa,Zimbabwe,South Africa,7 wickets,Bloemfontein,"Oct 8, 2010",T20I # 188
South Africa,Zimbabwe,South Africa,8 runs,Kimberley,"Oct 10, 2010",T20I # 189
Pakistan,South Africa,South Africa,6 wickets,Abu Dhabi,"Oct 26, 2010",T20I # 190
Pakistan,South Africa,South Africa,6 wickets,Abu Dhabi,"Oct 27, 2010",T20I # 191
Australia,Sri Lanka,Sri Lanka,7 wickets,Perth,"Oct 31, 2010",T20I # 192
New Zealand,Pakistan,New Zealand,5 wickets,Auckland,"Dec 26, 2010",T20I # 193
New Zealand,Pakistan,New Zealand,39 runs,Hamilton,"Dec 28, 2010",T20I # 194
New Zealand,Pakistan,Pakistan,103 runs,Christchurch,"Dec 30, 2010",T20I # 195
Netherlands,Bangladesh,Bangladesh,8 wickets,The Hague,"Jul 25, 2012",T20I # 253
Netherlands,Bangladesh,Netherlands,1 wicket,The Hague,"Jul 26, 2012",T20I # 254
Sri Lanka,India,India,39 runs,Pallekele,"Aug 7, 2012",T20I # 255
Australia,Pakistan,Pakistan,7 wickets,Dubai (DSC),"Sep 5, 2012",T20I # 256
Australia,Pakistan,tied,Dubai (DSC),"Sep 7, 2012",T20I # 257,
England,South Africa,South Africa,7 wickets,Chester-le-Street,"Sep 8, 2012",T20I # 258
Australia,Pakistan,Australia,94 runs,Dubai (DSC),"Sep 10, 2012",T20I # 259
England,South Africa,no result,Manchester,"Sep 10, 2012",T20I # 260,
India,New Zealand,New Zealand,1 run,Chennai,"Sep 11, 2012",T20I # 261
England,South Africa,England,28 runs,Birmingham,"Sep 12, 2012",T20I # 262
Sri Lanka,Zimbabwe,Sri Lanka,82 runs,Hambantota,"Sep 18, 2012",T20I # 263
Australia,Ireland,Australia,7 wickets,Colombo (RPS),"Sep 19, 2012",T20I # 264
Afghanistan,Pakistan,Pakistan,6 wickets,Sharjah,"Dec 8, 2013",T20I # 349
Pakistan,Sri Lanka,Pakistan,3 wickets,Dubai (DSC),"Dec 11, 2013",T20I # 350
Pakistan,Sri Lanka,Sri Lanka,24 runs,Dubai (DSC),"Dec 13, 2013",T20I # 351
Afghanistan,India,India,23 runs,Colombo (RPS),"Sep 19, 2012",T20I # 265
South Africa,Zimbabwe,South Africa,10 wickets,Hambantota,"Sep 20, 2012",T20I # 266
Bangladesh,New Zealand,New Zealand,59 runs,Pallekele,"Sep 21, 2012",T20I # 267
Afghanistan,England,England,116 runs,Colombo (RPS),"Sep 21, 2012",T20I # 268
Sri Lanka,South Africa,South Africa,32 runs,Hambantota,"Sep 22, 2012",T20I # 269
Australia,West Indies,Australia,17 runs,Colombo (RPS),"Sep 22, 2012",T20I # 270
New Zealand,Pakistan,Pakistan,13 runs,Pallekele,"Sep 23, 2012",T20I # 271
England,India,India,90 runs,Colombo (RPS),"Sep 23, 2012",T20I # 272
Ireland,West Indies,no result,Colombo (RPS),"Sep 24, 2012",T20I # 273,
Bangladesh,Pakistan,Pakistan,8 wickets,Pallekele,"Sep 25, 2012",T20I # 274
Sri Lanka,New Zealand,tied,Pallekele,"Sep 27, 2012",T20I # 275,
England,West Indies,West Indies,15 runs,Pallekele,"Sep 27, 2012",T20I # 276
Pakistan,South Africa,Pakistan,2 wickets,Colombo (RPS),"Sep 28, 2012",T20I # 277
Australia,India,Australia,9 wickets,Colombo (RPS),"Sep 28, 2012",T20I # 278
England,New Zealand,England,6 wickets,Pallekele,"Sep 29, 2012",T20I # 279
Sri Lanka,West Indies,Sri Lanka,9 wickets,Pallekele,"Sep 29, 2012",T20I # 280
Australia,South Africa,Australia,8 wickets,Colombo (RPS),"Sep 30, 2012",T20I # 281
India,Pakistan,India,8 wickets,Colombo (RPS),"Sep 30, 2012",T20I # 282
New Zealand,West Indies,tied,Pallekele,"Oct 1, 2012",T20I # 283,
Sri Lanka,England,Sri Lanka,19 runs,Pallekele,"Oct 1, 2012",T20I # 284
Australia,Pakistan,Pakistan,32 runs,Colombo (RPS),"Oct 2, 2012",T20I # 285
India,South Africa,India,1 run,Colombo (RPS),"Oct 2, 2012",T20I # 286
Sri Lanka,Pakistan,Sri Lanka,16 runs,Colombo (RPS),"Oct 4, 2012",T20I # 287
Australia,West Indies,West Indies,74 runs,Colombo (RPS),"Oct 5, 2012",T20I # 288
Sri Lanka,West Indies,West Indies,36 runs,Colombo (RPS),"Oct 7, 2012",T20I # 289
Sri Lanka,New Zealand,no result,Pallekele,"Oct 30, 2012",T20I # 290,
Bangladesh,West Indies,West Indies,18 runs,Dhaka,"Dec 10, 2012",T20I # 291
India,England,India,5 wickets,Pune,"Dec 20, 2012",T20I # 292
South Africa,New Zealand,South Africa,8 wickets,Durban,"Dec 21, 2012",T20I # 293
India,England,England,6 wickets,Mumbai,"Dec 22, 2012",T20I # 294
South Africa,New Zealand,New Zealand,8 wickets,East London,"Dec 23, 2012",T20I # 295
India,Pakistan,Pakistan,5 wickets,Bengaluru,"Dec 25, 2012",T20I # 296
South Africa,New Zealand,South Africa,33 runs,Port Elizabeth,"Dec 26, 2012",T20I # 297
India,Pakistan,India,11 runs,Ahmedabad,"Dec 28, 2012",T20I # 298
New Zealand,West Indies,New Zealand,81 runs,Auckland,"Jan 11, 2014",T20I # 352
New Zealand,West Indies,New Zealand,4 wickets,Wellington,"Jan 15, 2014",T20I # 353
Australia,England,Australia,13 runs,Hobart,"Jan 29, 2014",T20I # 354
Australia,England,Australia,8 wickets,Melbourne,"Jan 31, 2014",T20I # 355
Australia,England,Australia,84 runs,Sydney,"Feb 2, 2014",T20I # 356
Bangladesh,Sri Lanka,Sri Lanka,2 runs,Chattogram,"Feb 12, 2014",T20I # 357
Bangladesh,Sri Lanka,Sri Lanka,3 wickets,Chattogram,"Feb 14, 2014",T20I # 358
West Indies,Ireland,Ireland,6 wickets,Kingston,"Feb 19, 2014",T20I # 359
West Indies,Ireland,West Indies,11 runs,Kingston,"Feb 21, 2014",T20I # 360
West Indies,England,West Indies,27 runs,Bridgetown,"Mar 9, 2014",T20I # 361
West Indies,England,West Indies,5 wickets,Bridgetown,"Mar 11, 2014",T20I # 362
South Africa,Australia,Australia,5 wickets,Durban,"Mar 12, 2014",T20I # 363
West Indies,England,England,5 runs,Bridgetown,"Mar 13, 2014",T20I # 364
South Africa,Australia,Australia,6 wickets,Centurion,"Mar 14, 2014",T20I # 365
Bangladesh,Afghanistan,Bangladesh,9 wickets,Dhaka,"Mar 16, 2014",T20I # 366
Hong Kong,Nepal,Nepal,80 runs,Chattogram,"Mar 16, 2014",T20I # 367
Ireland,Zimbabwe,Ireland,3 wickets,Sylhet,"Mar 17, 2014",T20I # 368
Netherlands,U.A.E.,Netherlands,6 wickets,Sylhet,"Mar 17, 2014",T20I # 369
Afghanistan,Hong Kong,Afghanistan,7 wickets,Chattogram,"Mar 18, 2014",T20I # 370
Bangladesh,Nepal,Bangladesh,8 wickets,Chattogram,"Mar 18, 2014",T20I # 371
Netherlands,Zimbabwe,Zimbabwe,5 wickets,Sylhet,"Mar 19, 2014",T20I # 372
Ireland,U.A.E.,Ireland,21 runs,Sylhet,"Mar 19, 2014",T20I # 373
Afghanistan,Nepal,Nepal,9 runs,Chattogram,"Mar 20, 2014",T20I # 374
Bangladesh,Hong Kong,Hong Kong,2 wickets,Chattogram,"Mar 20, 2014",T20I # 375
U.A.E.,Zimbabwe,Zimbabwe,5 wickets,Sylhet,"Mar 21, 2014",T20I # 376
Ireland,Netherlands,Netherlands,6 wickets,Sylhet,"Mar 21, 2014",T20I # 377
India,Pakistan,India,7 wickets,Dhaka,"Mar 21, 2014",T20I # 378
South Africa,Sri Lanka,Sri Lanka,5 runs,Chattogram,"Mar 22, 2014",T20I # 379
England,New Zealand,New Zealand,9 runs,Chattogram,"Mar 22, 2014",T20I # 380
Australia,Pakistan,Pakistan,16 runs,Dhaka,"Mar 23, 2014",T20I # 381
India,West Indies,India,7 wickets,Dhaka,"Mar 23, 2014",T20I # 382
New Zealand,South Africa,South Africa,2 runs,Chattogram,"Mar 24, 2014",T20I # 383
Netherlands,Sri Lanka,Sri Lanka,9 wickets,Chattogram,"Mar 24, 2014",T20I # 384
Bangladesh,West Indies,West Indies,73 runs,Dhaka,"Mar 25, 2014",T20I # 385
Netherlands,South Africa,South Africa,6 runs,Chattogram,"Mar 27, 2014",T20I # 386
England,Sri Lanka,England,6 wickets,Chattogram,"Mar 27, 2014",T20I # 387
Australia,West Indies,West Indies,6 wickets,Dhaka,"Mar 28, 2014",T20I # 388
Bangladesh,India,India,8 wickets,Dhaka,"Mar 28, 2014",T20I # 389
Netherlands,New Zealand,New Zealand,6 wickets,Chattogram,"Mar 29, 2014",T20I # 390
England,South Africa,South Africa,3 runs,Chattogram,"Mar 29, 2014",T20I # 391
Bangladesh,Pakistan,Pakistan,50 runs,Dhaka,"Mar 30, 2014",T20I # 392
Australia,India,India,73 runs,Dhaka,"Mar 30, 2014",T20I # 393
England,Netherlands,Netherlands,45 runs,Chattogram,"Mar 31, 2014",T20I # 394
New Zealand,Sri Lanka,Sri Lanka,59 runs,Chattogram,"Mar 31, 2014",T20I # 395
Bangladesh,Australia,Australia,7 wickets,Dhaka,"Apr 1, 2014",T20I # 396
Pakistan,West Indies,West Indies,84 runs,Dhaka,"Apr 1, 2014",T20I # 397
Sri Lanka,West Indies,Sri Lanka,27 runs,Dhaka,"Apr 3, 2014",T20I # 398
India,South Africa,India,6 wickets,Dhaka,"Apr 4, 2014",T20I # 399
India,Sri Lanka,Sri Lanka,6 wickets,Dhaka,"Apr 6, 2014",T20I # 400
England,Sri Lanka,Sri Lanka,9 runs,The Oval,"May 20, 2014",T20I # 401
West Indies,New Zealand,New Zealand,12 runs,Roseau,"Jul 5, 2014",T20I # 402
West Indies,New Zealand,West Indies,39 runs,Roseau,"Jul 6, 2014",T20I # 403
West Indies,Bangladesh,no result,Basseterre,"Aug 27, 2014",T20I # 404,
England,India,England,3 runs,Birmingham,"Sep 7, 2014",T20I # 405
Australia,Pakistan,Australia,6 wickets,Dubai (DSC),"Oct 5, 2014",T20I # 406
Australia,South Africa,South Africa,7 wickets,Adelaide,"Nov 5, 2014",T20I # 407
Australia,South Africa,Australia,7 wickets,Melbourne,"Nov 7, 2014",T20I # 408
Australia,South Africa,Australia,2 wickets,Sydney,"Nov 9, 2014",T20I # 409
Hong Kong,Nepal,Hong Kong,2 wickets,Colombo (PSS),"Nov 24, 2014",T20I # 410
New Zealand,Pakistan,Pakistan,7 wickets,Dubai (DSC),"Dec 4, 2014",T20I # 411
New Zealand,Pakistan,New Zealand,17 runs,Dubai (DSC),"Dec 5, 2014",T20I # 412
South Africa,West Indies,West Indies,4 wickets,Cape Town,"Jan 9, 2015",T20I # 413
South Africa,West Indies,West Indies,4 wickets,Johannesburg,"Jan 11, 2015",T20I # 414
South Africa,West Indies,South Africa,69 runs,Durban,"Jan 14, 2015",T20I # 415
Bangladesh,Pakistan,Bangladesh,7 wickets,Dhaka,"Apr 24, 2015",T20I # 416
Pakistan,Zimbabwe,Pakistan,5 wickets,Lahore,"May 22, 2015",T20I # 417
Pakistan,Zimbabwe,Pakistan,2 wickets,Lahore,"May 24, 2015",T20I # 418
Ireland,Scotland,Scotland,6 wickets,Bready,"Jun 18, 2015",T20I # 419
Ireland,Scotland,no result,Bready,"Jun 19, 2015",T20I # 420,
Ireland,Scotland,Scotland,6 wickets,Bready,"Jun 20, 2015",T20I # 421
Ireland,Scotland,no result,Bready,"Jun 21, 2015",T20I # 422,
England,New Zealand,England,56 runs,Manchester,"Jun 23, 2015",T20I # 423
Netherlands,Nepal,Netherlands,18 runs,Amstelveen,"Jun 30, 2015",T20I # 424
Netherlands,Nepal,Netherlands,103 runs,Amstelveen,"Jul 1, 2015",T20I # 425
Netherlands,Nepal,Netherlands,18 runs,Rotterdam,"Jul 2, 2015",T20I # 426
Netherlands,Nepal,Nepal,3 wickets,Rotterdam,"Jul 3, 2015",T20I # 427
Bangladesh,South Africa,South Africa,52 runs,Dhaka,"Jul 5, 2015",T20I # 428
Bangladesh,South Africa,South Africa,31 runs,Dhaka,"Jul 7, 2015",T20I # 429
Scotland,U.A.E.,Scotland,9 wickets,Edinburgh,"Jul 9, 2015",T20I # 430
Afghanistan,Netherlands,Afghanistan,32 runs,Edinburgh,"Jul 9, 2015",T20I # 431
Afghanistan,U.A.E.,Afghanistan,8 wickets,Edinburgh,"Jul 10, 2015",T20I # 432
Scotland,Netherlands,Netherlands,32 runs,Edinburgh,"Jul 11, 2015",T20I # 433
Netherlands,U.A.E.,Netherlands,7 wickets,Edinburgh,"Jul 12, 2015",T20I # 434
Scotland,Afghanistan,Afghanistan,37 runs,Edinburgh,"Jul 12, 2015",T20I # 435
Ireland,Nepal,Ireland,8 wickets,Belfast,"Jul 13, 2015",T20I # 436
Ireland,P.N.G.,P.N.G.,2 wickets,Belfast,"Jul 15, 2015",T20I # 437
Hong Kong,Nepal,Hong Kong,5 wickets,Belfast,"Jul 15, 2015",T20I # 438
Nepal,P.N.G.,P.N.G.,8 wickets,Dublin (Malahide),"Jul 17, 2015",T20I # 439
Zimbabwe,India,India,54 runs,Harare,"Jul 17, 2015",T20I # 440
Ireland,Hong Kong,Hong Kong,5 runs,Dublin (Malahide),"Jul 17, 2015",T20I # 441
Zimbabwe,India,Zimbabwe,10 runs,Harare,"Jul 19, 2015",T20I # 442
Afghanistan,Hong Kong,Hong Kong,5 wickets,Dublin (Malahide),"Jul 21, 2015",T20I # 443
Afghanistan,P.N.G.,Afghanistan,6 wickets,Dublin (Malahide),"Jul 23, 2015",T20I # 444
Hong Kong,Scotland,Scotland,5 wickets,Dublin (Malahide),"Jul 25, 2015",T20I # 445
Afghanistan,Oman,Afghanistan,5 wickets,Dublin,"Jul 25, 2015",T20I # 446
Ireland,Netherlands,Netherlands,5 wickets,Dublin (Malahide),"Jul 25, 2015",T20I # 447
Sri Lanka,Pakistan,Pakistan,29 runs,Colombo (RPS),"Jul 30, 2015",T20I # 448
Sri Lanka,Pakistan,Pakistan,1 wicket,Colombo (RPS),"Aug 1, 2015",T20I # 449
Zimbabwe,New Zealand,New Zealand,80 runs,Harare,"Aug 9, 2015",T20I # 450
South Africa,New Zealand,South Africa,6 wickets,Durban,"Aug 14, 2015",T20I # 451
South Africa,New Zealand,New Zealand,32 runs,Centurion,"Aug 16, 2015",T20I # 452
England,Australia,England,5 runs,Cardiff,"Aug 31, 2015",T20I # 453
Zimbabwe,Pakistan,Pakistan,13 runs,Harare,"Sep 27, 2015",T20I # 454
Zimbabwe,Pakistan,Pakistan,15 runs,Harare,"Sep 29, 2015",T20I # 455
India,South Africa,South Africa,7 wickets,Dharamsala,"Oct 2, 2015",T20I # 456
India,South Africa,South Africa,6 wickets,Cuttack,"Oct 5, 2015",T20I # 457
Zimbabwe,Afghanistan,Afghanistan,6 wickets,Bulawayo,"Oct 26, 2015",T20I # 458
Zimbabwe,Afghanistan,Afghanistan,5 wickets,Bulawayo,"Oct 28, 2015",T20I # 459
Sri Lanka,West Indies,Sri Lanka,30 runs,Pallekele,"Nov 9, 2015",T20I # 460
Sri Lanka,West Indies,West Indies,23 runs,Colombo (RPS),"Nov 11, 2015",T20I # 461
Bangladesh,Zimbabwe,Bangladesh,4 wickets,Dhaka,"Nov 13, 2015",T20I # 462
Bangladesh,Zimbabwe,Zimbabwe,3 wickets,Dhaka,"Nov 15, 2015",T20I # 463
Hong Kong,Oman,Oman,6 wickets,Abu Dhabi,"Nov 21, 2015",T20I # 464
U.A.E.,Oman,U.A.E.,7 wickets,Abu Dhabi,"Nov 22, 2015",T20I # 465
Hong Kong,Oman,Oman,4 runs,Abu Dhabi,"Nov 25, 2015",T20I # 466
Hong Kong,Oman,Hong Kong,8 wickets,Abu Dhabi,"Nov 26, 2015",T20I # 467
England,Pakistan,England,14 runs,Dubai (DSC),"Nov 26, 2015",T20I # 468
England,Pakistan,England,3 runs,Dubai (DSC),"Nov 27, 2015",T20I # 469
Afghanistan,Hong Kong,Hong Kong,4 wickets,Abu Dhabi,"Nov 28, 2015",T20I # 470
Afghanistan,Oman,Afghanistan,27 runs,Abu Dhabi,"Nov 29, 2015",T20I # 471
Afghanistan,Oman,Afghanistan,12 runs,Abu Dhabi,"Nov 30, 2015",T20I # 472
England,Pakistan,tied,Sharjah,"Nov 30, 2015",T20I # 473,
New Zealand,Bangladesh,New Zealand,6 wickets,Napier,"Jan 3, 2017",T20I # 574
New Zealand,Bangladesh,New Zealand,47 runs,Mount Maunganui,"Jan 6, 2017",T20I # 575
New Zealand,Bangladesh,New Zealand,27 runs,Mount Maunganui,"Jan 8, 2017",T20I # 576
Hong Kong,Scotland,Scotland,24 runs,Abu Dhabi,"Jan 14, 2017",T20I # 577
Afghanistan,Ireland,Afghanistan,5 wickets,Abu Dhabi,"Jan 14, 2017",T20I # 578
Netherlands,Oman,Netherlands,5 wickets,Abu Dhabi,"Jan 15, 2017",T20I # 579
Hong Kong,Oman,Oman,7 wickets,Abu Dhabi,"Jan 16, 2017",T20I # 580
U.A.E.,Afghanistan,Afghanistan,5 wickets,Abu Dhabi,"Jan 16, 2017",T20I # 581
Netherlands,Scotland,Scotland,7 runs,Abu Dhabi,"Jan 17, 2017",T20I # 582
U.A.E.,Ireland,Ireland,24 runs,Dubai (DSC),"Jan 18, 2017",T20I # 583
Hong Kong,Netherlands,Hong Kong,91 runs,Dubai (DSC),"Jan 18, 2017",T20I # 584
Oman,Scotland,Scotland,7 wickets,Dubai (DSC),"Jan 19, 2017",T20I # 585
Afghanistan,Oman,Afghanistan,8 wickets,Dubai (DSC),"Jan 20, 2017",T20I # 586
Ireland,Scotland,Ireland,98 runs,Dubai (DSC),"Jan 20, 2017",T20I # 587
Afghanistan,Ireland,Afghanistan,10 wickets,Dubai (DSC),"Jan 20, 2017",T20I # 588
New Zealand,West Indies,no result,Mount Maunganui,"Jan 1, 2018",T20I # 637,
South Africa,Sri Lanka,South Africa,19 runs,Centurion,"Jan 20, 2017",T20I # 589
South Africa,Sri Lanka,Sri Lanka,3 wickets,Johannesburg,"Jan 22, 2017",T20I # 590
South Africa,Sri Lanka,Sri Lanka,5 wickets,Cape Town,"Jan 25, 2017",T20I # 591
India,England,England,7 wickets,Kanpur,"Jan 26, 2017",T20I # 592
India,England,India,5 runs,Nagpur,"Jan 29, 2017",T20I # 593
India,England,India,75 runs,Bengaluru,"Feb 1, 2017",T20I # 594
New Zealand,South Africa,South Africa,78 runs,Auckland,"Feb 17, 2017",T20I # 595
Australia,Sri Lanka,Sri Lanka,5 wickets,Melbourne,"Feb 17, 2017",T20I # 596
Australia,Sri Lanka,Sri Lanka,2 wickets,Geelong,"Feb 19, 2017",T20I # 597
Australia,Sri Lanka,Australia,41 runs,Adelaide,"Feb 22, 2017",T20I # 598
Afghanistan,Ireland,Afghanistan,6 wickets,Greater Noida,"Mar 8, 2017",T20I # 599
Afghanistan,Ireland,Afghanistan,17 runs,Greater Noida,"Mar 10, 2017",T20I # 600
Afghanistan,Ireland,Afghanistan,28 runs,Greater Noida,"Mar 12, 2017",T20I # 601
West Indies,Pakistan,Pakistan,6 wickets,Bridgetown,"Mar 26, 2017",T20I # 602
New Zealand,West Indies,New Zealand,119 runs,Mount Maunganui,"Jan 3, 2018",T20I # 638
New Zealand,Pakistan,New Zealand,7 wickets,Wellington,"Jan 22, 2018",T20I # 639
New Zealand,Pakistan,Pakistan,48 runs,Auckland,"Jan 25, 2018",T20I # 640
New Zealand,Pakistan,Pakistan,18 runs,Mount Maunganui,"Jan 28, 2018",T20I # 641
Australia,New Zealand,Australia,7 wickets,Sydney,"Feb 3, 2018",T20I # 642
Afghanistan,Zimbabwe,Afghanistan,5 wickets,Sharjah,"Feb 5, 2018",T20I # 643
Afghanistan,Zimbabwe,Afghanistan,17 runs,Sharjah,"Feb 6, 2018",T20I # 644
Australia,England,Australia,5 wickets,Hobart,"Feb 7, 2018",T20I # 645
Australia,England,Australia,7 wickets,Melbourne,"Feb 10, 2018",T20I # 646
New Zealand,England,New Zealand,12 runs,Wellington,"Feb 13, 2018",T20I # 647
Bangladesh,Sri Lanka,Sri Lanka,6 wickets,Dhaka,"Feb 15, 2018",T20I # 648
New Zealand,Australia,Australia,5 wickets,Auckland,"Feb 16, 2018",T20I # 649
New Zealand,England,England,2 runs,Hamilton,"Feb 18, 2018",T20I # 650
Bangladesh,Sri Lanka,Sri Lanka,75 runs,Sylhet,"Feb 18, 2018",T20I # 651
South Africa,India,India,28 runs,Johannesburg,"Feb 18, 2018",T20I # 652
West Indies,Pakistan,Pakistan,3 runs,Port of Spain,"Mar 30, 2017",T20I # 603
West Indies,Pakistan,West Indies,7 wickets,Port of Spain,"Apr 1, 2017",T20I # 604
West Indies,Pakistan,Pakistan,7 wickets,Port of Spain,"Apr 2, 2017",T20I # 605
Sri Lanka,Bangladesh,Sri Lanka,6 wickets,Colombo (RPS),"Apr 4, 2017",T20I # 606
Sri Lanka,Bangladesh,Bangladesh,45 runs,Colombo (RPS),"Apr 6, 2017",T20I # 607
U.A.E.,P.N.G.,U.A.E.,5 wickets,Abu Dhabi,"Apr 12, 2017",T20I # 608
U.A.E.,P.N.G.,U.A.E.,30 runs,Abu Dhabi,"Apr 14, 2017",T20I # 609
U.A.E.,P.N.G.,U.A.E.,5 wickets,Abu Dhabi,"Apr 14, 2017",T20I # 610
West Indies,Afghanistan,West Indies,6 wickets,Basseterre,"Jun 2, 2017",T20I # 611
West Indies,Afghanistan,West Indies,29 runs,Basseterre,"Jun 3, 2017",T20I # 612
West Indies,Afghanistan,West Indies,7 wickets,Basseterre,"Jun 5, 2017",T20I # 613
England,South Africa,England,9 wickets,Southampton,"Jun 21, 2017",T20I # 614
England,South Africa,South Africa,3 runs,Taunton,"Jun 23, 2017",T20I # 615
New Zealand,Australia,Australia,19 runs,Auckland,"Feb 21, 2018",T20I # 653
South Africa,India,South Africa,6 wickets,Centurion,"Feb 21, 2018",T20I # 654
South Africa,India,India,7 runs,Cape Town,"Feb 24, 2018",T20I # 655
Sri Lanka,India,Sri Lanka,5 wickets,Colombo (RPS),"Mar 6, 2018",T20I # 656
Bangladesh,India,India,6 wickets,Colombo (RPS),"Mar 8, 2018",T20I # 657
Sri Lanka,Bangladesh,Bangladesh,5 wickets,Colombo (RPS),"Mar 10, 2018",T20I # 658
Sri Lanka,India,India,6 wickets,Colombo (RPS),"Mar 12, 2018",T20I # 659
Bangladesh,India,India,17 runs,Colombo (RPS),"Mar 14, 2018",T20I # 660
Sri Lanka,Bangladesh,Bangladesh,2 wickets,Colombo (RPS),"Mar 16, 2018",T20I # 661
Bangladesh,India,India,4 wickets,Colombo (RPS),"Mar 18, 2018",T20I # 662
Pakistan,West Indies,Pakistan,143 runs,Karachi,"Apr 1, 2018",T20I # 663
Pakistan,West Indies,Pakistan,82 runs,Karachi,"Apr 2, 2018",T20I # 664
England,South Africa,England,19 runs,Cardiff,"Jun 25, 2017",T20I # 616
West Indies,India,West Indies,9 wickets,Kingston,"Jul 9, 2017",T20I # 617
Sri Lanka,India,India,7 wickets,Colombo (RPS),"Sep 6, 2017",T20I # 618
Pakistan,World-XI,Pakistan,20 runs,Lahore,"Sep 12, 2017",T20I # 619
Pakistan,World-XI,World-XI,7 wickets,Lahore,"Sep 13, 2017",T20I # 620
Pakistan,World-XI,Pakistan,33 runs,Lahore,"Sep 15, 2017",T20I # 621
England,West Indies,West Indies,21 runs,Chester-le-Street,"Sep 16, 2017",T20I # 622
India,Australia,India,9 wickets,Ranchi,"Oct 7, 2017",T20I # 623
India,Australia,Australia,8 wickets,Guwahati,"Oct 10, 2017",T20I # 624
Pakistan,Sri Lanka,Pakistan,7 wickets,Abu Dhabi,"Oct 26, 2017",T20I # 625
South Africa,Bangladesh,South Africa,20 runs,Bloemfontein,"Oct 26, 2017",T20I # 626
Pakistan,Sri Lanka,Pakistan,2 wickets,Abu Dhabi,"Oct 27, 2017",T20I # 627
South Africa,Bangladesh,South Africa,83 runs,Potchefstroom,"Oct 29, 2017",T20I # 628
Pakistan,West Indies,Pakistan,8 wickets,Karachi,"Apr 3, 2018",T20I # 665
ICC World XI,West Indies,West Indies,72 runs,Lord's,"May 31, 2018",T20I # 666
Afghanistan,Bangladesh,Afghanistan,45 runs,Dehradun,"Jun 3, 2018",T20I # 667
Afghanistan,Bangladesh,Afghanistan,6 wickets,Dehradun,"Jun 5, 2018",T20I # 668
Afghanistan,Bangladesh,Afghanistan,1 run,Dehradun,"Jun 7, 2018",T20I # 669
Netherlands,Ireland,Netherlands,4 runs,Rotterdam,"Jun 12, 2018",T20I # 670
Scotland,Pakistan,Pakistan,48 runs,Edinburgh,"Jun 12, 2018",T20I # 671
Netherlands,Ireland,Netherlands,4 wickets,Rotterdam,"Jun 13, 2018",T20I # 672
Scotland,Pakistan,Pakistan,84 runs,Edinburgh,"Jun 13, 2018",T20I # 673
Ireland,Scotland,Ireland,46 runs,Deventer,"Jun 16, 2018",T20I # 674
Ireland,Scotland,tied,Deventer,"Jun 17, 2018",T20I # 675,
Netherlands,Scotland,Scotland,7 wickets,Amstelveen,"Jun 19, 2018",T20I # 676
Netherlands,Scotland,Scotland,115 runs,Amstelveen,"Jun 20, 2018",T20I # 677
Ireland,India,India,76 runs,Dublin (Malahide),"Jun 27, 2018",T20I # 678
Pakistan,Sri Lanka,Pakistan,36 runs,Lahore,"Oct 29, 2017",T20I # 629
India,New Zealand,India,53 runs,Delhi,"Nov 1, 2017",T20I # 630
India,New Zealand,New Zealand,40 runs,Rajkot,"Nov 4, 2017",T20I # 631
India,New Zealand,India,6 runs,Thiruvananthapuram,"Nov 7, 2017",T20I # 632
India,Sri Lanka,India,93 runs,Cuttack,"Dec 20, 2017",T20I # 633
India,Sri Lanka,India,88 runs,Indore,"Dec 22, 2017",T20I # 634
India,Sri Lanka,India,5 wickets,Mumbai,"Dec 24, 2017",T20I # 635
New Zealand,West Indies,New Zealand,47 runs,Nelson,"Dec 29, 2017",T20I # 636
England,Australia,England,28 runs,Birmingham,"Jun 27, 2018",T20I # 679
Ireland,India,India,143 runs,Dublin (Malahide),"Jun 29, 2018",T20I # 680
Zimbabwe,Pakistan,Pakistan,74 runs,Harare,"Jul 1, 2018",T20I # 681
Australia,Pakistan,Australia,9 wickets,Harare,"Jul 2, 2018",T20I # 682
Zimbabwe,Australia,Australia,100 runs,Harare,"Jul 3, 2018",T20I # 683
England,India,India,8 wickets,Manchester,"Jul 3, 2018",T20I # 684
Zimbabwe,Pakistan,Pakistan,7 wickets,Harare,"Jul 4, 2018",T20I # 685
Australia,Pakistan,Pakistan,45 runs,Harare,"Jul 5, 2018",T20I # 686
Zimbabwe,Australia,Australia,5 wickets,Harare,"Jul 6, 2018",T20I # 687
England,India,England,5 wickets,Cardiff,"Jul 6, 2018",T20I # 688
Australia,Pakistan,Pakistan,6 wickets,Harare,"Jul 8, 2018",T20I # 689
England,India,India,7 wickets,Bristol,"Jul 8, 2018",T20I # 690
Nepal,Netherlands,no result,Lord's,"Jul 29, 2018",T20I # 691,
West Indies,Bangladesh,West Indies,7 wickets,Basseterre,"Jul 31, 2018",T20I # 692
New Zealand,Sri Lanka,New Zealand,3 runs,Mount Maunganui,"Jan 7, 2016",T20I # 474
India,Sri Lanka,no result,Guwahati,"Jan 5, 2020",T20I # 1025,
Bangladesh,West Indies,Bangladesh,12 runs,Lauderhill,"Aug 4, 2018",T20I # 693
Bangladesh,West Indies,Bangladesh,19 runs,Lauderhill,"Aug 5, 2018",T20I # 694
Sri Lanka,South Africa,Sri Lanka,3 wickets,Colombo (RPS),"Aug 14, 2018",T20I # 695
Ireland,Afghanistan,Afghanistan,16 runs,Bready,"Aug 20, 2018",T20I # 696
Ireland,Afghanistan,Afghanistan,81 runs,Bready,"Aug 22, 2018",T20I # 697
South Africa,Zimbabwe,South Africa,34 runs,East London,"Oct 9, 2018",T20I # 698
South Africa,Zimbabwe,South Africa,6 wickets,Potchefstroom,"Oct 12, 2018",T20I # 699
U.A.E.,Australia,Australia,7 wickets,Tolerance Oval,"Oct 22, 2018",T20I # 700
Australia,Pakistan,Pakistan,66 runs,Abu Dhabi,"Oct 24, 2018",T20I # 701
Australia,Pakistan,Pakistan,11 runs,Dubai (DSC),"Oct 26, 2018",T20I # 702
Sri Lanka,England,England,30 runs,Colombo (RPS),"Oct 27, 2018",T20I # 703
Australia,Pakistan,Pakistan,33 runs,Dubai (DSC),"Oct 28, 2018",T20I # 704
New Zealand,Pakistan,Pakistan,2 runs,Abu Dhabi,"Oct 31, 2018",T20I # 705
Afghanistan,Zimbabwe,Afghanistan,5 runs,Sharjah,"Jan 8, 2016",T20I # 475
New Zealand,Sri Lanka,New Zealand,9 wickets,Auckland,"Jan 10, 2016",T20I # 476
Afghanistan,Zimbabwe,Afghanistan,81 runs,Sharjah,"Jan 10, 2016",T20I # 477
New Zealand,Pakistan,Pakistan,16 runs,Auckland,"Jan 15, 2016",T20I # 478
Bangladesh,Zimbabwe,Bangladesh,4 wickets,Khulna,"Jan 15, 2016",T20I # 479
New Zealand,Pakistan,New Zealand,10 wickets,Hamilton,"Jan 17, 2016",T20I # 480
Bangladesh,Zimbabwe,Bangladesh,42 runs,Khulna,"Jan 17, 2016",T20I # 481
Bangladesh,Zimbabwe,Zimbabwe,31 runs,Khulna,"Jan 20, 2016",T20I # 482
New Zealand,Pakistan,New Zealand,95 runs,Wellington,"Jan 22, 2016",T20I # 483
Bangladesh,Zimbabwe,Zimbabwe,18 runs,Khulna,"Jan 22, 2016",T20I # 484
Australia,India,India,37 runs,Adelaide,"Jan 26, 2016",T20I # 485
Australia,India,India,27 runs,Melbourne,"Jan 29, 2016",T20I # 486
Hong Kong,Scotland,Hong Kong,9 wickets,Mong Kok,"Jan 30, 2016",T20I # 487
Hong Kong,Scotland,Scotland,37 runs,Mong Kok,"Jan 31, 2016",T20I # 488
Australia,India,India,7 wickets,Sydney,"Jan 31, 2016",T20I # 489
U.A.E.,Netherlands,Netherlands,84 runs,ICCA Dubai,"Feb 3, 2016",T20I # 490
India,Sri Lanka,India,7 wickets,Indore,"Jan 7, 2020",T20I # 1026
India,Sri Lanka,India,78 runs,Pune,"Jan 10, 2020",T20I # 1027
West Indies,Ireland,Ireland,4 runs,St George's,"Jan 15, 2020",T20I # 1028
West Indies,Ireland,no result,Basseterre,"Jan 18, 2020",T20I # 1029,
West Indies,Ireland,West Indies,9 wickets,Basseterre,"Jan 19, 2020",T20I # 1030
New Zealand,India,India,6 wickets,Auckland,"Jan 24, 2020",T20I # 1031
Pakistan,Bangladesh,Pakistan,5 wickets,Lahore,"Jan 24, 2020",T20I # 1032
Pakistan,Bangladesh,Pakistan,9 wickets,Lahore,"Jan 25, 2020",T20I # 1033
New Zealand,India,India,7 wickets,Auckland,"Jan 26, 2020",T20I # 1034
New Zealand,India,tied,Hamilton,"Jan 29, 2020",T20I # 1035,
New Zealand,India,tied,Wellington,"Jan 31, 2020",T20I # 1036,
New Zealand,India,India,7 runs,Mount Maunganui,"Feb 2, 2020",T20I # 1037
Qatar,Uganda,Qatar,40 runs,Doha,"Feb 12, 2020",T20I # 1038
South Africa,England,South Africa,1 run,East London,"Feb 12, 2020",T20I # 1039
New Zealand,Pakistan,Pakistan,6 wickets,Dubai (DSC),"Nov 2, 2018",T20I # 706
India,West Indies,India,5 wickets,Kolkata,"Nov 4, 2018",T20I # 707
New Zealand,Pakistan,Pakistan,47 runs,Dubai (DSC),"Nov 4, 2018",T20I # 708
India,West Indies,India,71 runs,Lucknow,"Nov 6, 2018",T20I # 709
India,West Indies,India,6 wickets,Chennai,"Nov 11, 2018",T20I # 710
Australia,South Africa,South Africa,21 runs,Carrara,"Nov 17, 2018",T20I # 711
Australia,India,Australia,4 runs,Brisbane,"Nov 21, 2018",T20I # 712
Australia,India,no result,Melbourne,"Nov 23, 2018",T20I # 713,
Australia,India,India,6 wickets,Sydney,"Nov 25, 2018",T20I # 714
Bangladesh,West Indies,West Indies,8 wickets,Sylhet,"Dec 17, 2018",T20I # 715
Bangladesh,West Indies,Bangladesh,36 runs,Dhaka,"Dec 20, 2018",T20I # 716
Bangladesh,West Indies,West Indies,50 runs,Dhaka,"Dec 22, 2018",T20I # 717
U.A.E.,Scotland,U.A.E.,9 runs,ICCA Dubai,"Feb 4, 2016",T20I # 491
Netherlands,Scotland,Scotland,37 runs,ICCA Dubai,"Feb 5, 2016",T20I # 492
Ireland,P.N.G.,Ireland,5 wickets,Townsville,"Feb 6, 2016",T20I # 493
Ireland,P.N.G.,Ireland,7 runs,Townsville,"Feb 7, 2016",T20I # 494
Ireland,P.N.G.,P.N.G.,11 runs,Townsville,"Feb 9, 2016",T20I # 495
India,Sri Lanka,Sri Lanka,5 wickets,Pune,"Feb 9, 2016",T20I # 496
India,Sri Lanka,India,69 runs,Ranchi,"Feb 12, 2016",T20I # 497
U.A.E.,Ireland,Ireland,34 runs,Abu Dhabi,"Feb 14, 2016",T20I # 498
India,Sri Lanka,India,9 wickets,Visakhapatnam,"Feb 14, 2016",T20I # 499
U.A.E.,Ireland,U.A.E.,5 runs,Abu Dhabi,"Feb 16, 2016",T20I # 500
Afghanistan,U.A.E.,U.A.E.,16 runs,Fatullah,"Feb 19, 2016",T20I # 501
Hong Kong,Oman,Oman,5 runs,Fatullah,"Feb 19, 2016",T20I # 502
South Africa,England,South Africa,3 wickets,Cape Town,"Feb 19, 2016",T20I # 503
Afghanistan,Oman,Afghanistan,3 wickets,Fatullah,"Feb 20, 2016",T20I # 504
Hong Kong,U.A.E.,U.A.E.,6 wickets,Fatullah,"Feb 21, 2016",T20I # 505
Qatar,Uganda,Qatar,28 runs,Doha,"Feb 13, 2020",T20I # 1040
South Africa,England,England,2 runs,Durban,"Feb 14, 2020",T20I # 1041
Qatar,Uganda,Uganda,18 runs,Doha,"Feb 15, 2020",T20I # 1042
South Africa,England,England,5 wickets,Centurion,"Feb 16, 2020",T20I # 1043
Malaysia,Hong Kong,Malaysia,21 runs,Kuala Lumpur,"Feb 20, 2020",T20I # 1044
Malaysia,Hong Kong,Malaysia,35 runs,Kuala Lumpur,"Feb 21, 2020",T20I # 1045
South Africa,Australia,Australia,107 runs,Johannesburg,"Feb 21, 2020",T20I # 1046
Iran,U.A.E.,U.A.E.,10 wickets,Al Amerat,"Feb 23, 2020",T20I # 1047
Maldives,Qatar,Qatar,106 runs,Al Amerat,"Feb 23, 2020",T20I # 1048
Kuwait,Saudi Arabia,Kuwait,9 wickets,Al Amerat,"Feb 23, 2020",T20I # 1049
Oman,Bahrain,Oman,8 wickets,Al Amerat,"Feb 23, 2020",T20I # 1050
Malaysia,Hong Kong,Malaysia,8 runs,Kuala Lumpur,"Feb 23, 2020",T20I # 1051
South Africa,Australia,South Africa,12 runs,Port Elizabeth,"Feb 23, 2020",T20I # 1052
Iran,Saudi Arabia,Saudi Arabia,9 wickets,Al Amerat,"Feb 24, 2020",T20I # 1053
South Africa,England,South Africa,9 wickets,Johannesburg,"Feb 21, 2016",T20I # 506
Afghanistan,Hong Kong,Afghanistan,66 runs,Dhaka,"Feb 22, 2016",T20I # 507
Oman,U.A.E.,U.A.E.,71 runs,Dhaka,"Feb 22, 2016",T20I # 508
Bangladesh,India,India,45 runs,Dhaka,"Feb 24, 2016",T20I # 509
Sri Lanka,U.A.E.,Sri Lanka,14 runs,Dhaka,"Feb 25, 2016",T20I # 510
Bangladesh,U.A.E.,Bangladesh,51 runs,Dhaka,"Feb 26, 2016",T20I # 511
India,Pakistan,India,5 wickets,Dhaka,"Feb 27, 2016",T20I # 512
Bangladesh,Sri Lanka,Bangladesh,23 runs,Dhaka,"Feb 28, 2016",T20I # 513
Pakistan,U.A.E.,Pakistan,7 wickets,Dhaka,"Feb 29, 2016",T20I # 514
India,Sri Lanka,India,5 wickets,Dhaka,"Mar 1, 2016",T20I # 515
Bangladesh,Pakistan,Bangladesh,5 wickets,Dhaka,"Mar 2, 2016",T20I # 516
India,U.A.E.,India,9 wickets,Dhaka,"Mar 3, 2016",T20I # 517
Pakistan,Sri Lanka,Pakistan,6 wickets,Dhaka,"Mar 4, 2016",T20I # 518
South Africa,Australia,South Africa,3 wickets,Durban,"Mar 4, 2016",T20I # 519
Oman,Qatar,Qatar,34 runs,Al Amerat,"Feb 24, 2020",T20I # 1054
Malaysia,Hong Kong,Malaysia,13 runs,Kuala Lumpur,"Feb 24, 2020",T20I # 1055
Bahrain,Maldives,Bahrain,65 runs,Al Amerat,"Feb 24, 2020",T20I # 1056
Kuwait,U.A.E.,U.A.E.,47 runs,Al Amerat,"Feb 24, 2020",T20I # 1057
Oman,Maldives,Oman,10 wickets,Al Amerat,"Feb 25, 2020",T20I # 1058
Saudi Arabia,U.A.E.,U.A.E.,12 runs,Al Amerat,"Feb 25, 2020",T20I # 1059
Bahrain,Qatar,Bahrain,6 wickets,Al Amerat,"Feb 25, 2020",T20I # 1060
Iran,Kuwait,Kuwait,8 wickets,Al Amerat,"Feb 25, 2020",T20I # 1061
Malaysia,Hong Kong,Malaysia,6 wickets,Kuala Lumpur,"Feb 26, 2020",T20I # 1062
Bahrain,Kuwait,Kuwait,87 runs,Al Amerat,"Feb 26, 2020",T20I # 1063
Qatar,U.A.E.,U.A.E.,28 runs,Al Amerat,"Feb 26, 2020",T20I # 1064
South Africa,Australia,Australia,97 runs,Cape Town,"Feb 26, 2020",T20I # 1065
Kuwait,U.A.E.,U.A.E.,102 runs,Al Amerat,"Feb 27, 2020",T20I # 1066
Thailand,Singapore,Singapore,43 runs,Bangkok,"Feb 29, 2020",T20I # 1067
Malaysia,Nepal,Malaysia,22 runs,Bangkok,"Feb 29, 2020",T20I # 1068
South Africa,Australia,Australia,5 wickets,Johannesburg,"Mar 6, 2016",T20I # 520
Bangladesh,India,India,8 wickets,Dhaka,"Mar 6, 2016",T20I # 521
Hong Kong,Zimbabwe,Zimbabwe,14 runs,Nagpur,"Mar 8, 2016",T20I # 522
Afghanistan,Scotland,Afghanistan,14 runs,Nagpur,"Mar 8, 2016",T20I # 523
Bangladesh,Netherlands,Bangladesh,8 runs,Dharamsala,"Mar 9, 2016",T20I # 524
Ireland,Oman,Oman,2 wickets,Dharamsala,"Mar 9, 2016",T20I # 525
South Africa,Australia,Australia,6 wickets,Cape Town,"Mar 9, 2016",T20I # 526
Scotland,Zimbabwe,Zimbabwe,11 runs,Nagpur,"Mar 10, 2016",T20I # 527
Afghanistan,Hong Kong,Afghanistan,6 wickets,Nagpur,"Mar 10, 2016",T20I # 528
Netherlands,Oman,no result,Dharamsala,"Mar 11, 2016",T20I # 529,
Bangladesh,Ireland,no result,Dharamsala,"Mar 11, 2016",T20I # 530,
Afghanistan,Zimbabwe,Afghanistan,59 runs,Nagpur,"Mar 12, 2016",T20I # 531
Hong Kong,Nepal,Hong Kong,43 runs,Bangkok,"Mar 1, 2020",T20I # 1069
Thailand,Malaysia,Malaysia,8 wickets,Bangkok,"Mar 1, 2020",T20I # 1070
Malaysia,Singapore,Singapore,128 runs,Bangkok,"Mar 3, 2020",T20I # 1071
Thailand,Hong Kong,Hong Kong,8 wickets,Bangkok,"Mar 3, 2020",T20I # 1072
Thailand,Nepal,Nepal,9 wickets,Bangkok,"Mar 4, 2020",T20I # 1073
Hong Kong,Singapore,Singapore,16 runs,Bangkok,"Mar 4, 2020",T20I # 1074
Sri Lanka,West Indies,West Indies,25 runs,Pallekele,"Mar 4, 2020",T20I # 1075
Hong Kong,Malaysia,Hong Kong,6 wickets,Bangkok,"Mar 6, 2020",T20I # 1076
Afghanistan,Ireland,Afghanistan,11 runs,Greater Noida,"Mar 6, 2020",T20I # 1077
Sri Lanka,West Indies,West Indies,7 wickets,Pallekele,"Mar 6, 2020",T20I # 1078
Afghanistan,Ireland,Afghanistan,21 runs,Greater Noida,"Mar 8, 2020",T20I # 1079
Spain,Germany,Spain,9 wickets,Almeria,"Mar 8, 2020",T20I # 1080
Spain,Germany,Germany,58 runs,Almeria,"Mar 8, 2020",T20I # 1081
Hong Kong,Scotland,Scotland,8 wickets,Nagpur,"Mar 12, 2016",T20I # 532
Ireland,Netherlands,Netherlands,12 runs,Dharamsala,"Mar 13, 2016",T20I # 533
Bangladesh,Oman,Bangladesh,54 runs,Dharamsala,"Mar 13, 2016",T20I # 534
India,New Zealand,New Zealand,47 runs,Nagpur,"Mar 15, 2016",T20I # 535
Bangladesh,Pakistan,Pakistan,55 runs,Kolkata,"Mar 16, 2016",T20I # 536
England,West Indies,West Indies,6 wickets,Mumbai,"Mar 16, 2016",T20I # 537
Afghanistan,Sri Lanka,Sri Lanka,6 wickets,Kolkata,"Mar 17, 2016",T20I # 538
Australia,New Zealand,New Zealand,8 runs,Dharamsala,"Mar 18, 2016",T20I # 539
England,South Africa,England,2 wickets,Mumbai,"Mar 18, 2016",T20I # 540
India,Pakistan,India,6 wickets,Kolkata,"Mar 19, 2016",T20I # 541
Afghanistan,South Africa,South Africa,37 runs,Mumbai,"Mar 20, 2016",T20I # 542
Sri Lanka,West Indies,West Indies,7 wickets,Bengaluru,"Mar 20, 2016",T20I # 543
Australia,Bangladesh,Australia,3 wickets,Bengaluru,"Mar 21, 2016",T20I # 544
Bangladesh,Zimbabwe,Bangladesh,48 runs,Dhaka,"Mar 9, 2020",T20I # 1082
Afghanistan,Ireland,tied,Greater Noida,"Mar 10, 2020",T20I # 1083,
Bangladesh,Zimbabwe,Bangladesh,9 wickets,Dhaka,"Mar 11, 2020",T20I # 1084
Guernsey,Isle of Man,Guernsey,8 wickets,St Peter Port,"Aug 21, 2020",T20I # 1085
Luxembourg,Czech Rep.,Luxembourg,63 runs,Walferdange,"Aug 28, 2020",T20I # 1086
England,Pakistan,no result,Manchester,"Aug 28, 2020",T20I # 1087,
Luxembourg,Czech Rep.,Czech Rep.,5 wickets,Walferdange,"Aug 29, 2020",T20I # 1088
Luxembourg,Belgium,Belgium,37 runs,Walferdange,"Aug 29, 2020",T20I # 1089
Belgium,Czech Rep.,Belgium,46 runs,Walferdange,"Aug 29, 2020",T20I # 1090
Belgium,Czech Rep.,Belgium,87 runs,Walferdange,"Aug 30, 2020",T20I # 1091
Luxembourg,Belgium,Belgium,49 runs,Walferdange,"Aug 30, 2020",T20I # 1092
England,Pakistan,England,5 wickets,Manchester,"Aug 30, 2020",T20I # 1093
England,Pakistan,Pakistan,5 runs,Manchester,"Sep 1, 2020",T20I # 1094
New Zealand,Pakistan,New Zealand,22 runs,Mohali,"Mar 22, 2016",T20I # 545
Afghanistan,England,England,15 runs,Delhi,"Mar 23, 2016",T20I # 546
India,Bangladesh,India,1 run,Bengaluru,"Mar 23, 2016",T20I # 547
Australia,Pakistan,Australia,21 runs,Mohali,"Mar 25, 2016",T20I # 548
South Africa,West Indies,West Indies,3 wickets,Nagpur,"Mar 25, 2016",T20I # 549
Bangladesh,New Zealand,New Zealand,75 runs,Kolkata,"Mar 26, 2016",T20I # 550
England,Sri Lanka,England,10 runs,Delhi,"Mar 26, 2016",T20I # 551
Afghanistan,West Indies,Afghanistan,6 runs,Nagpur,"Mar 27, 2016",T20I # 552
India,Australia,India,6 wickets,Mohali,"Mar 27, 2016",T20I # 553
South Africa,Sri Lanka,South Africa,8 wickets,Delhi,"Mar 28, 2016",T20I # 554
England,New Zealand,England,7 wickets,Delhi,"Mar 30, 2016",T20I # 555
India,West Indies,West Indies,7 wickets,Mumbai,"Mar 31, 2016",T20I # 556
England,Australia,England,2 runs,Southampton,"Sep 4, 2020",T20I # 1095
England,Australia,England,6 wickets,Southampton,"Sep 6, 2020",T20I # 1096
England,Australia,Australia,5 wickets,Southampton,"Sep 8, 2020",T20I # 1097
Bulgaria,Malta,Malta,57 runs,Sofia,"Sep 23, 2020",T20I # 1098
Bulgaria,Malta,Malta,8 wickets,Sofia,"Sep 23, 2020",T20I # 1099
Bulgaria,Malta,no result,Sofia,"Sep 24, 2020",T20I # 1100,
Romania,Bulgaria,Bulgaria,33 runs,Ilfov County,"Oct 16, 2020",T20I # 1101
Romania,Bulgaria,Romania,52 runs,Ilfov County,"Oct 17, 2020",T20I # 1102
Romania,Bulgaria,Romania,34 runs,Ilfov County,"Oct 17, 2020",T20I # 1103
Romania,Bulgaria,Romania,6 wickets,Ilfov County,"Oct 18, 2020",T20I # 1104
Pakistan,Zimbabwe,Pakistan,6 wickets,Rawalpindi,"Nov 7, 2020",T20I # 1105
England,West Indies,West Indies,4 wickets,Kolkata,"Apr 3, 2016",T20I # 557
Zimbabwe,India,Zimbabwe,2 runs,Harare,"Jun 18, 2016",T20I # 558
Zimbabwe,India,India,10 wickets,Harare,"Jun 20, 2016",T20I # 559
Zimbabwe,India,India,3 runs,Harare,"Jun 22, 2016",T20I # 560
England,Sri Lanka,England,8 wickets,Southampton,"Jul 5, 2016",T20I # 561
India,West Indies,West Indies,1 run,Lauderhill,"Aug 27, 2016",T20I # 562
India,West Indies,no result,Lauderhill,"Aug 28, 2016",T20I # 563,
Ireland,Hong Kong,Hong Kong,40 runs,Bready,"Sep 5, 2016",T20I # 564
Sri Lanka,Australia,Australia,85 runs,Pallekele,"Sep 6, 2016",T20I # 565
England,Pakistan,Pakistan,9 wickets,Manchester,"Sep 7, 2016",T20I # 566
Pakistan,Zimbabwe,Pakistan,8 wickets,Rawalpindi,"Nov 8, 2020",T20I # 1106
Pakistan,Zimbabwe,Pakistan,8 wickets,Rawalpindi,"Nov 10, 2020",T20I # 1107
New Zealand,West Indies,New Zealand,5 wickets,Auckland,"Nov 27, 2020",T20I # 1108
South Africa,England,England,5 wickets,Cape Town,"Nov 27, 2020",T20I # 1109
New Zealand,West Indies,New Zealand,72 runs,Mount Maunganui,"Nov 29, 2020",T20I # 1110
South Africa,England,England,4 wickets,Paarl,"Nov 29, 2020",T20I # 1111
New Zealand,West Indies,no result,Mount Maunganui,"Nov 30, 2020",T20I # 1112,
South Africa,England,England,9 wickets,Cape Town,"Dec 1, 2020",T20I # 1113
Australia,India,India,11 runs,Canberra,"Dec 4, 2020",T20I # 1114
Australia,India,India,6 wickets,Sydney,"Dec 6, 2020",T20I # 1115
Australia,India,Australia,12 runs,Sydney,"Dec 8, 2020",T20I # 1116
Sri Lanka,Australia,Australia,4 wickets,Colombo (RPS),"Sep 9, 2016",T20I # 567
Pakistan,West Indies,Pakistan,9 wickets,Dubai (DSC),"Sep 23, 2016",T20I # 568
Pakistan,West Indies,Pakistan,16 runs,Dubai (DSC),"Sep 24, 2016",T20I # 569
Pakistan,West Indies,Pakistan,8 wickets,Abu Dhabi,"Sep 27, 2016",T20I # 570
U.A.E.,Afghanistan,Afghanistan,11 runs,ICCA Dubai,"Dec 14, 2016",T20I # 571
U.A.E.,Afghanistan,Afghanistan,5 wickets,Dubai (DSC),"Dec 16, 2016",T20I # 572
U.A.E.,Afghanistan,Afghanistan,44 runs,ICCA Dubai,"Dec 18, 2016",T20I # 573
New Zealand,Pakistan,New Zealand,5 wickets,Auckland,"Dec 18, 2020",T20I # 1117
New Zealand,Pakistan,New Zealand,9 wickets,Hamilton,"Dec 20, 2020",T20I # 1118
New Zealand,Pakistan,Pakistan,4 wickets,Napier,"Dec 22, 2020",T20I # 1119
New Zealand,Sri Lanka,New Zealand,35 runs,Auckland,"Jan 11, 2019",T20I # 718
Bahrain,Saudi Arabia,Bahrain,41 runs,Al Amerat,"Jan 20, 2019",T20I # 719
Kuwait,Maldives,Kuwait,8 wickets,Al Amerat,"Jan 20, 2019",T20I # 720
Bahrain,Maldives,Bahrain,2 wickets,Al Amerat,"Jan 21, 2019",T20I # 721
Qatar,Saudi Arabia,Qatar,4 wickets,Al Amerat,"Jan 21, 2019",T20I # 722
Kuwait,Qatar,tied,Al Amerat,"Jan 22, 2019",T20I # 723,
Maldives,Saudi Arabia,Saudi Arabia,6 wickets,Al Amerat,"Jan 22, 2019",T20I # 724
Maldives,Qatar,Qatar,8 wickets,Al Amerat,"Jan 23, 2019",T20I # 725
Bahrain,Kuwait,Kuwait,7 wickets,Al Amerat,"Jan 23, 2019",T20I # 726
Kuwait,Saudi Arabia,Saudi Arabia,7 wickets,Al Amerat,"Jan 24, 2019",T20I # 727
Bahrain,Qatar,Qatar,48 runs,Al Amerat,"Jan 24, 2019",T20I # 728
Qatar,Saudi Arabia,Saudi Arabia,8 wickets,Al Amerat,"Jan 24, 2019",T20I # 729
U.A.E.,Nepal,U.A.E.,21 runs,ICCA Dubai,"Jan 31, 2019",T20I # 730
U.A.E.,Nepal,Nepal,4 wickets,ICCA Dubai,"Feb 1, 2019",T20I # 731
South Africa,Pakistan,South Africa,6 runs,Cape Town,"Feb 1, 2019",T20I # 732
U.A.E.,Nepal,Nepal,14 runs,ICCA Dubai,"Feb 3, 2019",T20I # 733
South Africa,Pakistan,South Africa,7 runs,Johannesburg,"Feb 3, 2019",T20I # 734
New Zealand,India,New Zealand,80 runs,Wellington,"Feb 6, 2019",T20I # 735
South Africa,Pakistan,Pakistan,27 runs,Centurion,"Feb 6, 2019",T20I # 736
New Zealand,India,India,7 wickets,Auckland,"Feb 8, 2019",T20I # 737
New Zealand,India,New Zealand,4 runs,Hamilton,"Feb 10, 2019",T20I # 738
Netherlands,Scotland,Netherlands,7 wickets,Al Amerat,"Feb 13, 2019",T20I # 739
Oman,Ireland,Ireland,15 runs,Al Amerat,"Feb 13, 2019",T20I # 740
Oman,Netherlands,Netherlands,8 wickets,Al Amerat,"Feb 15, 2019",T20I # 741
Ireland,Scotland,Scotland,6 wickets,Al Amerat,"Feb 15, 2019",T20I # 742
Ireland,Netherlands,Ireland,1 wicket,Al Amerat,"Feb 17, 2019",T20I # 743
Oman,Scotland,Scotland,7 wickets,Al Amerat,"Feb 17, 2019",T20I # 744
Afghanistan,Ireland,Afghanistan,5 wickets,Dehradun,"Feb 21, 2019",T20I # 745
Afghanistan,Ireland,Afghanistan,84 runs,Dehradun,"Feb 23, 2019",T20I # 746
Afghanistan,Ireland,Afghanistan,32 runs,Dehradun,"Feb 24, 2019",T20I # 747
India,Australia,Australia,3 wickets,Visakhapatnam,"Feb 24, 2019",T20I # 748
India,Australia,Australia,7 wickets,Bengaluru,"Feb 27, 2019",T20I # 749
West Indies,England,England,4 wickets,Gros Islet,"Mar 5, 2019",T20I # 750
West Indies,England,England,137 runs,Basseterre,"Mar 8, 2019",T20I # 751
West Indies,England,England,8 wickets,Basseterre,"Mar 10, 2019",T20I # 752
U.A.E.,U.S.A.,no result,ICCA Dubai,"Mar 15, 2019",T20I # 753,
U.A.E.,U.S.A.,U.A.E.,24 runs,ICCA Dubai,"Mar 16, 2019",T20I # 754
South Africa,Sri Lanka,tied,Cape Town,"Mar 19, 2019",T20I # 755,
P.N.G.,Philippines,P.N.G.,133 runs,Port Moresby,"Mar 22, 2019",T20I # 756
P.N.G.,Vanuatu,P.N.G.,8 wickets,Port Moresby,"Mar 22, 2019",T20I # 757
South Africa,Sri Lanka,South Africa,16 runs,Centurion,"Mar 22, 2019",T20I # 758
Philippines,Vanuatu,Vanuatu,63 runs,Port Moresby,"Mar 23, 2019",T20I # 759
P.N.G.,Philippines,no result,Port Moresby,"Mar 23, 2019",T20I # 760,
Philippines,Vanuatu,Philippines,10 runs,Port Moresby,"Mar 24, 2019",T20I # 761
P.N.G.,Vanuatu,P.N.G.,10 wickets,Port Moresby,"Mar 24, 2019",T20I # 762
South Africa,Sri Lanka,South Africa,45 runs,Johannesburg,"Mar 24, 2019",T20I # 763
Spain,Malta,Spain,7 wickets,Cartagena,"Mar 29, 2019",T20I # 764
Spain,Malta,Spain,109 runs,Cartagena,"Mar 30, 2019",T20I # 765
Mexico,Belize,Belize,4 wickets,Naucalpan,"Apr 25, 2019",T20I # 766
Costa Rica,Panama,Panama,7 wickets,Naucalpan,"Apr 25, 2019",T20I # 767
Mexico,Costa Rica,Mexico,3 wickets,Naucalpan,"Apr 26, 2019",T20I # 768
Belize,Panama,Belize,9 runs,Naucalpan,"Apr 26, 2019",T20I # 769
Belize,Costa Rica,Belize,5 wickets,Naucalpan,"Apr 27, 2019",T20I # 771
Mexico,Panama,Panama,33 runs,Naucalpan,"Apr 27, 2019",T20I # 770
England,Pakistan,England,7 wickets,Cardiff,"May 5, 2019",T20I # 772
Belgium,Germany,Germany,9 runs,Waterloo,"May 11, 2019",T20I # 773
Belgium,Germany,Germany,62 runs,Waterloo,"May 11, 2019",T20I # 774
Belgium,Germany,Germany,6 wickets,Waterloo,"May 12, 2019",T20I # 775
Kenya,Nigeria,Kenya,8 wickets,Kampala,"May 20, 2019",T20I # 776
Ghana,Namibia,Namibia,9 wickets,Kampala,"May 20, 2019",T20I # 777
Uganda,Botswana,Uganda,52 runs,Kampala,"May 20, 2019",T20I # 778
Uganda,Namibia,Namibia,42 runs,Kampala,"May 21, 2019",T20I # 779
Botswana,Nigeria,Nigeria,11 runs,Kampala,"May 21, 2019",T20I # 780
Ghana,Kenya,Kenya,53 runs,Kampala,"May 21, 2019",T20I # 781
Ghana,Nigeria,Nigeria,28 runs,Kampala,"May 22, 2019",T20I # 782
Botswana,Namibia,Namibia,10 wickets,Kampala,"May 22, 2019",T20I # 783
Uganda,Kenya,Kenya,1 run,Kampala,"May 22, 2019",T20I # 784
Uganda,Ghana,Uganda,7 wickets,Kampala,"May 23, 2019",T20I # 785
Germany,Italy,Italy,7 wickets,Utrecht,"May 25, 2019",T20I # 786
Germany,Italy,Italy,6 wickets,Utrecht,"May 25, 2019",T20I # 787
Guernsey,Jersey,tied,St Peter Port,"May 31, 2019",T20I # 788,
Guernsey,Jersey,Jersey,41 runs,Castel,"Jun 1, 2019",T20I # 789
Guernsey,Jersey,Jersey,76 runs,Castel,"Jun 1, 2019",T20I # 790
Guernsey,Jersey,Jersey,8 wickets,Castel,"Jun 15, 2019",T20I # 791
Italy,Norway,Italy,20 runs,St Peter Port,"Jun 15, 2019",T20I # 792
Guernsey,Germany,Germany,5 wickets,Castel,"Jun 15, 2019",T20I # 793
Germany,Italy,Italy,5 wickets,St Peter Port,"Jun 16, 2019",T20I # 794
Denmark,Jersey,Jersey,18 runs,Castel,"Jun 16, 2019",T20I # 795
Guernsey,Italy,Italy,11 runs,St Peter Port,"Jun 16, 2019",T20I # 796
Jersey,Norway,Jersey,80 runs,Castel,"Jun 16, 2019",T20I # 797
Denmark,Norway,Denmark,46 runs,Castel,"Jun 17, 2019",T20I # 798
Guernsey,Denmark,no result,Castel,"Jun 18, 2019",T20I # 799,
Denmark,Italy,no result,Castel,"Jun 18, 2019",T20I # 800,
Guernsey,Norway,Guernsey,4 wickets,Castel,"Jun 19, 2019",T20I # 801
Italy,Jersey,Jersey,73 runs,St Peter Port,"Jun 19, 2019",T20I # 802
Denmark,Germany,Germany,7 wickets,Castel,"Jun 19, 2019",T20I # 803
Guernsey,Denmark,Guernsey,6 runs,Castel,"Jun 20, 2019",T20I # 804
Germany,Norway,Germany,7 wickets,St Peter Port,"Jun 20, 2019",T20I # 805
Denmark,Italy,Denmark,30 runs,Castel,"Jun 20, 2019",T20I # 806
Germany,Jersey,Germany,3 wickets,St Peter Port,"Jun 20, 2019",T20I # 807
Netherlands,Zimbabwe,Netherlands,49 runs,Rotterdam,"Jun 23, 2019",T20I # 808
Malaysia,Thailand,Malaysia,5 wickets,Kuala Lumpur,"Jun 24, 2019",T20I # 809
Malaysia,Maldives,Malaysia,73 runs,Kuala Lumpur,"Jun 25, 2019",T20I # 810
Netherlands,Zimbabwe,tied,Rotterdam,"Jun 25, 2019",T20I # 811,
Maldives,Thailand,Maldives,2 wickets,Kuala Lumpur,"Jun 26, 2019",T20I # 812
Malaysia,Thailand,Malaysia,8 wickets,Kuala Lumpur,"Jun 27, 2019",T20I # 813
Malaysia,Maldives,no result,Kuala Lumpur,"Jun 28, 2019",T20I # 814,
Maldives,Thailand,Thailand,5 wickets,Kuala Lumpur,"Jun 29, 2019",T20I # 815
Qatar,Kuwait,Kuwait,7 wickets,Doha,"Jul 4, 2019",T20I # 816
Qatar,Kuwait,tied,Doha,"Jul 5, 2019",T20I # 817,
Qatar,Kuwait,Qatar,3 wickets,Doha,"Jul 6, 2019",T20I # 818
Samoa,P.N.G.,P.N.G.,9 wickets,Apia (No 1),"Jul 8, 2019",T20I # 819
P.N.G.,Vanuatu,P.N.G.,3 wickets,Apia (No 3),"Jul 9, 2019",T20I # 820
Samoa,Vanuatu,Samoa,2 wickets,Apia (No 1),"Jul 9, 2019",T20I # 821
Samoa,P.N.G.,P.N.G.,7 wickets,Apia (No 2),"Jul 10, 2019",T20I # 822
Samoa,Vanuatu,Vanuatu,32 runs,Apia (No 3),"Jul 12, 2019",T20I # 823
P.N.G.,Vanuatu,P.N.G.,59 runs,Apia (No 2),"Jul 12, 2019",T20I # 824
Ireland,Zimbabwe,Ireland,9 wickets,Bready,"Jul 12, 2019",T20I # 825
P.N.G.,Vanuatu,P.N.G.,32 runs,Apia (No 2),"Jul 13, 2019",T20I # 826
Malaysia,Nepal,Nepal,7 wickets,Kuala Lumpur,"Jul 13, 2019",T20I # 827
Denmark,Finland,Denmark,1 run,Brondby,"Jul 13, 2019",T20I # 828
Denmark,Finland,Denmark,38 runs,Brondby,"Jul 13, 2019",T20I # 829
Malaysia,Nepal,Nepal,6 runs,Kuala Lumpur,"Jul 14, 2019",T20I # 830
Ireland,Zimbabwe,Zimbabwe,8 wickets,Bready,"Jul 14, 2019",T20I # 831
Singapore,Qatar,Singapore,33 runs,Singapore,"Jul 22, 2019",T20I # 832
Kuwait,Malaysia,Malaysia,42 runs,Singapore,"Jul 22, 2019",T20I # 833
Nepal,Qatar,Qatar,4 wickets,Singapore,"Jul 23, 2019",T20I # 834
Malaysia,Nepal,Nepal,7 wickets,Singapore,"Jul 24, 2019",T20I # 835
Kuwait,Qatar,Kuwait,10 runs,Singapore,"Jul 26, 2019",T20I # 836
Singapore,Malaysia,Singapore,8 wickets,Singapore,"Jul 26, 2019",T20I # 837
Kuwait,Nepal,Nepal,7 wickets,Singapore,"Jul 27, 2019",T20I # 838
Malaysia,Qatar,Qatar,4 wickets,Singapore,"Jul 27, 2019",T20I # 839
Singapore,Nepal,Singapore,82 runs,Singapore,"Jul 28, 2019",T20I # 840
Netherlands,U.A.E.,U.A.E.,13 runs,Amstelveen,"Aug 3, 2019",T20I # 841
India,West Indies,India,4 wickets,Lauderhill,"Aug 3, 2019",T20I # 842
India,West Indies,India,22 runs,Lauderhill,"Aug 4, 2019",T20I # 843
Netherlands,U.A.E.,U.A.E.,5 wickets,Amstelveen,"Aug 5, 2019",T20I # 844
Netherlands,U.A.E.,U.A.E.,14 runs,The Hague,"Aug 6, 2019",T20I # 845
West Indies,India,India,7 wickets,Providence,"Aug 6, 2019",T20I # 846
Netherlands,U.A.E.,U.A.E.,7 wickets,The Hague,"Aug 8, 2019",T20I # 847
Finland,Spain,Finland,82 runs,Kerava,"Aug 17, 2019",T20I # 848
Finland,Spain,Spain,6 wickets,Kerava,"Aug 17, 2019",T20I # 849
Finland,Spain,Spain,4 wickets,Kerava,"Aug 18, 2019",T20I # 850
Bermuda,U.S.A.,Bermuda,6 runs,Sandys Parish,"Aug 18, 2019",T20I # 851
Canada,Cayman Is,Canada,84 runs,Sandys Parish,"Aug 18, 2019",T20I # 852
Namibia,Botswana,Namibia,93 runs,Windhoek,"Aug 19, 2019",T20I # 853
Bermuda,Canada,no result,Hamilton,"Aug 19, 2019",T20I # 854,
Cayman Is,U.S.A.,U.S.A.,10 runs,Hamilton,"Aug 19, 2019",T20I # 855
Namibia,Botswana,Namibia,124 runs,Windhoek,"Aug 20, 2019",T20I # 856
Bermuda,Cayman Is,Bermuda,6 wickets,Sandys Parish,"Aug 21, 2019",T20I # 857
Canada,U.S.A.,Canada,4 wickets,Sandys Parish,"Aug 21, 2019",T20I # 858
Namibia,Botswana,Namibia,78 runs,Windhoek,"Aug 22, 2019",T20I # 859
Canada,Cayman Is,Canada,8 wickets,Sandys Parish,"Aug 22, 2019",T20I # 860
Bermuda,U.S.A.,Bermuda,4 wickets,Sandys Parish,"Aug 22, 2019",T20I # 861
Namibia,Botswana,Namibia,8 wickets,Windhoek,"Aug 23, 2019",T20I # 862
Cayman Is,U.S.A.,U.S.A.,9 wickets,Sandys Parish,"Aug 24, 2019",T20I # 863
Bermuda,Canada,Canada,8 wickets,Sandys Parish,"Aug 24, 2019",T20I # 864
Canada,U.S.A.,Canada,15 runs,Sandys Parish,"Aug 25, 2019",T20I # 865
Bermuda,Cayman Is,Bermuda,6 wickets,Sandys Parish,"Aug 25, 2019",T20I # 866
Romania,Austria,Romania,31 runs,Ilfov County,"Aug 29, 2019",T20I # 867
Luxembourg,Turkey,Luxembourg,8 wickets,Ilfov County,"Aug 29, 2019",T20I # 868
Romania,Turkey,Romania,173 runs,Ilfov County,"Aug 29, 2019",T20I # 869
Austria,Czech Rep.,Austria,8 wickets,Ilfov County,"Aug 30, 2019",T20I # 870
Romania,Luxembourg,Romania,7 wickets,Ilfov County,"Aug 30, 2019",T20I # 871
Czech Rep.,Turkey,Czech Rep.,257 runs,Ilfov County,"Aug 30, 2019",T20I # 872
Austria,Luxembourg,Austria,135 runs,Ilfov County,"Aug 31, 2019",T20I # 873
Romania,Czech Rep.,Czech Rep.,6 wickets,Ilfov County,"Aug 31, 2019",T20I # 874
Austria,Turkey,Austria,10 wickets,Ilfov County,"Aug 31, 2019",T20I # 875
Czech Rep.,Luxembourg,Czech Rep.,6 wickets,Ilfov County,"Sep 1, 2019",T20I # 876
Austria,Czech Rep.,Austria,30 runs,Ilfov County,"Sep 1, 2019",T20I # 877
Sri Lanka,New Zealand,New Zealand,5 wickets,Pallekele,"Sep 1, 2019",T20I # 878
Sri Lanka,New Zealand,New Zealand,4 wickets,Pallekele,"Sep 3, 2019",T20I # 879
Sri Lanka,New Zealand,Sri Lanka,37 runs,Pallekele,"Sep 6, 2019",T20I # 880
Bangladesh,Zimbabwe,Bangladesh,3 wickets,Dhaka,"Sep 13, 2019",T20I # 881
Afghanistan,Zimbabwe,Afghanistan,28 runs,Dhaka,"Sep 14, 2019",T20I # 882
Bangladesh,Afghanistan,Afghanistan,25 runs,Dhaka,"Sep 15, 2019",T20I # 883
Netherlands,Scotland,Scotland,58 runs,Dublin (Malahide),"Sep 16, 2019",T20I # 884
Ireland,Scotland,Ireland,4 wickets,Dublin (Malahide),"Sep 17, 2019",T20I # 885
Bangladesh,Zimbabwe,Bangladesh,39 runs,Chattogram,"Sep 18, 2019",T20I # 886
Ireland,Netherlands,Netherlands,6 wickets,Dublin (Malahide),"Sep 18, 2019",T20I # 887
India,South Africa,India,7 wickets,Mohali,"Sep 18, 2019",T20I # 888
Netherlands,Scotland,Scotland,6 wickets,Dublin (Malahide),"Sep 19, 2019",T20I # 889
Afghanistan,Zimbabwe,Zimbabwe,7 wickets,Chattogram,"Sep 20, 2019",T20I # 890
Ireland,Scotland,Ireland,1 run,Dublin (Malahide),"Sep 20, 2019",T20I # 891
Bangladesh,Afghanistan,Bangladesh,4 wickets,Chattogram,"Sep 21, 2019",T20I # 892
India,South Africa,South Africa,9 wickets,Bengaluru,"Sep 22, 2019",T20I # 893
Nepal,Zimbabwe,Zimbabwe,5 wickets,Singapore,"Sep 27, 2019",T20I # 894
Singapore,Nepal,Nepal,9 wickets,Singapore,"Sep 28, 2019",T20I # 895
Malaysia,Vanuatu,Vanuatu,17 runs,Kuala Lumpur,"Sep 29, 2019",T20I # 896
Singapore,Zimbabwe,Singapore,4 runs,Singapore,"Sep 29, 2019",T20I # 897
Malaysia,Vanuatu,Vanuatu,51 runs,Kuala Lumpur,"Oct 1-2, 2019",T20I # 898
Nepal,Zimbabwe,Zimbabwe,40 runs,Singapore,"Oct 1, 2019",T20I # 899
Malaysia,Vanuatu,Malaysia,26 runs,Kuala Lumpur,"Oct 2, 2019",T20I # 900
Malaysia,Vanuatu,Vanuatu,6 wickets,Kuala Lumpur,"Oct 3, 2019",T20I # 901
Singapore,Zimbabwe,Zimbabwe,8 wickets,Singapore,"Oct 3, 2019",T20I # 902
Argentina,Mexico,Argentina,9 wickets,Cortijo Polo Club Pitch A,"Oct 3, 2019",T20I # 903
Brazil,Chile,Brazil,35 runs,Cortijo Polo Club Pitch B,"Oct 3, 2019",T20I # 904
Peru,Brazil,Peru,2 runs,Cortijo Polo Club Pitch A,"Oct 3, 2019",T20I # 905
Malaysia,Vanuatu,Malaysia,22 runs,Kuala Lumpur,"Oct 4, 2019",T20I # 906
Chile,Mexico,Chile,4 wickets,Cortijo Polo Club Pitch A,"Oct 4, 2019",T20I # 907
Peru,Argentina,Argentina,7 wickets,Cortijo Polo Club Pitch B,"Oct 4, 2019",T20I # 908
Argentina,Brazil,Argentina,29 runs,Cortijo Polo Club Pitch A,"Oct 4, 2019",T20I # 909
Oman,Hong Kong,Oman,7 wickets,Al Amerat,"Oct 5, 2019",T20I # 910
Ireland,Netherlands,Ireland,6 wickets,Al Amerat,"Oct 5, 2019",T20I # 911
Argentina,Chile,Argentina,28 runs,Cortijo Polo Club Pitch A,"Oct 5, 2019",T20I # 912
Peru,Mexico,Mexico,39 runs,Cortijo Polo Club Pitch B,"Oct 5, 2019",T20I # 913
Pakistan,Sri Lanka,Sri Lanka,64 runs,Lahore,"Oct 5, 2019",T20I # 914
Peru,Chile,Peru,60 runs,Cortijo Polo Club Pitch A,"Oct 5, 2019",T20I # 915
Brazil,Mexico,Mexico,20 runs,Cortijo Polo Club Pitch B,"Oct 5, 2019",T20I # 916
Oman,Ireland,Oman,43 runs,Al Amerat,"Oct 6, 2019",T20I # 917
Hong Kong,Nepal,Nepal,4 wickets,Al Amerat,"Oct 6, 2019",T20I # 918
Argentina,Mexico,Argentina,4 wickets,Lima Cricket and Football,"Oct 6, 2019",T20I # 919
Nepal,Netherlands,Nepal,4 wickets,Al Amerat,"Oct 7, 2019",T20I # 920
Hong Kong,Ireland,Ireland,66 runs,Al Amerat,"Oct 7, 2019",T20I # 921
Pakistan,Sri Lanka,Sri Lanka,35 runs,Lahore,"Oct 7, 2019",T20I # 922
Ireland,Nepal,Ireland,13 runs,Al Amerat,"Oct 9, 2019",T20I # 923
Oman,Netherlands,Oman,7 wickets,Al Amerat,"Oct 9, 2019",T20I # 924
Pakistan,Sri Lanka,Sri Lanka,13 runs,Lahore,"Oct 9, 2019",T20I # 925
Qatar,Jersey,Qatar,20 runs,Doha,"Oct 9, 2019",T20I # 926
Hong Kong,Netherlands,Netherlands,37 runs,Al Amerat,"Oct 10, 2019",T20I # 927
Oman,Nepal,Oman,6 wickets,Al Amerat,"Oct 10, 2019",T20I # 928
Qatar,Jersey,Qatar,6 wickets,Doha,"Oct 10, 2019",T20I # 929
Qatar,Jersey,Qatar,8 wickets,Doha,"Oct 11, 2019",T20I # 930
Bulgaria,Serbia,Bulgaria,6 wickets,Corfu,"Oct 14, 2019",T20I # 931
Greece,Serbia,Greece,10 wickets,Corfu,"Oct 15, 2019",T20I # 932
Greece,Bulgaria,Greece,9 wickets,Corfu,"Oct 16, 2019",T20I # 933
Malta,Czech Rep.,Czech Rep.,12 runs,Marsa,"Oct 18, 2019",T20I # 934
Scotland,Singapore,Singapore,2 runs,ICCA Dubai,"Oct 18, 2019",T20I # 935
Hong Kong,Ireland,Ireland,8 wickets,Abu Dhabi,"Oct 18, 2019",T20I # 936
Kenya,Netherlands,Netherlands,30 runs,ICCA Dubai,"Oct 18, 2019",T20I # 937
Greece,Bulgaria,Bulgaria,18 runs,Corfu,"Oct 18, 2019",T20I # 938
U.A.E.,Oman,Oman,7 wickets,Abu Dhabi,"Oct 18, 2019",T20I # 939
Bermuda,P.N.G.,P.N.G.,10 wickets,ICCA Dubai,"Oct 19, 2019",T20I # 940
Jersey,Nigeria,Jersey,69 runs,Abu Dhabi,"Oct 19, 2019",T20I # 941
Namibia,Netherlands,Netherlands,44 runs,ICCA Dubai,"Oct 19, 2019",T20I # 942
Kenya,Scotland,Scotland,31 runs,ICCA 2 Dubai,"Oct 19, 2019",T20I # 943
U.A.E.,Ireland,U.A.E.,5 wickets,Abu Dhabi,"Oct 19, 2019",T20I # 944
Malta,Czech Rep.,Czech Rep.,82 runs,Marsa,"Oct 20, 2019",T20I # 945
Namibia,P.N.G.,P.N.G.,81 runs,ICCA 2 Dubai,"Oct 20, 2019",T20I # 946
Canada,Jersey,Canada,53 runs,Tolerance Oval,"Oct 20, 2019",T20I # 947
Bermuda,Singapore,Singapore,5 wickets,ICCA 2 Dubai,"Oct 20, 2019",T20I # 948
Hong Kong,Oman,Oman,7 wickets,Abu Dhabi,"Oct 20, 2019",T20I # 949
P.N.G.,Scotland,Scotland,4 runs,ICCA Dubai,"Oct 21, 2019",T20I # 950
U.A.E.,Hong Kong,U.A.E.,8 wickets,Abu Dhabi,"Oct 21, 2019",T20I # 951
Ireland,Oman,Ireland,35 runs,Tolerance Oval,"Oct 21, 2019",T20I # 952
Bermuda,Kenya,Kenya,45 runs,ICCA Dubai,"Oct 21, 2019",T20I # 953
Canada,Nigeria,Canada,50 runs,Abu Dhabi,"Oct 21, 2019",T20I # 954
Namibia,Scotland,Namibia,24 runs,ICCA Dubai,"Oct 22, 2019",T20I # 955
Netherlands,Singapore,Netherlands,5 wickets,ICCA Dubai,"Oct 22, 2019",T20I # 956
U.A.E.,Jersey,Jersey,35 runs,Tolerance Oval,"Oct 22, 2019",T20I # 957
Bermuda,Namibia,Namibia,6 wickets,ICCA 2 Dubai,"Oct 23, 2019",T20I # 958
Nigeria,Oman,Oman,7 wickets,Tolerance Oval,"Oct 23, 2019",T20I # 959
Kenya,Singapore,Kenya,7 wickets,ICCA 2 Dubai,"Oct 23, 2019",T20I # 960
Canada,Ireland,Canada,10 runs,Abu Dhabi,"Oct 23, 2019",T20I # 961
Hong Kong,Jersey,Hong Kong,8 runs,Abu Dhabi,"Oct 23, 2019",T20I # 962
Netherlands,P.N.G.,P.N.G.,5 wickets,ICCA Dubai,"Oct 24, 2019",T20I # 963
U.A.E.,Nigeria,U.A.E.,5 wickets,Tolerance Oval,"Oct 24, 2019",T20I # 964
Canada,Hong Kong,Hong Kong,32 runs,Tolerance Oval,"Oct 24, 2019",T20I # 965
Bermuda,Scotland,Scotland,46 runs,Dubai (DSC),"Oct 24, 2019",T20I # 966
P.N.G.,Singapore,P.N.G.,43 runs,Dubai (DSC),"Oct 25, 2019",T20I # 967
Ireland,Jersey,Ireland,8 wickets,Tolerance Oval,"Oct 25, 2019",T20I # 968
Kenya,Namibia,Namibia,87 runs,Dubai (DSC),"Oct 25, 2019",T20I # 969
Spain,Portugal,Spain,8 wickets,Cartagena,"Oct 25, 2019",T20I # 970
Canada,Oman,Oman,8 wickets,Abu Dhabi,"Oct 25, 2019",T20I # 971
Ireland,Nigeria,Ireland,8 wickets,Abu Dhabi,"Oct 26, 2019",T20I # 972
Gibraltar,Portugal,Portugal,6 wickets,Cartagena,"Oct 26, 2019",T20I # 973
Bermuda,Netherlands,Netherlands,92 runs,Dubai (DSC),"Oct 26, 2019",T20I # 974
Spain,Gibraltar,Spain,8 wickets,Cartagena,"Oct 26, 2019",T20I # 975
Spain,Portugal,Spain,29 runs,Cartagena,"Oct 26, 2019",T20I # 976
Namibia,Singapore,Namibia,87 runs,Dubai (DSC),"Oct 26, 2019",T20I # 977
Australia,Sri Lanka,Australia,134 runs,Adelaide,"Oct 27, 2019",T20I # 978
Kenya,P.N.G.,P.N.G.,45 runs,Dubai (DSC),"Oct 27, 2019",T20I # 979
Hong Kong,Nigeria,Hong Kong,5 wickets,Tolerance Oval,"Oct 27, 2019",T20I # 980
Gibraltar,Portugal,Portugal,4 wickets,Cartagena,"Oct 27, 2019",T20I # 981
Jersey,Oman,Jersey,14 runs,Abu Dhabi,"Oct 27, 2019",T20I # 982
Netherlands,Scotland,Netherlands,4 wickets,Dubai (DSC),"Oct 27, 2019",T20I # 983
Spain,Gibraltar,Spain,6 wickets,Cartagena,"Oct 27, 2019",T20I # 984
U.A.E.,Canada,U.A.E.,14 runs,Abu Dhabi,"Oct 27, 2019",T20I # 985
U.A.E.,Netherlands,Netherlands,8 wickets,Dubai (DSC),"Oct 29, 2019",T20I # 986
Namibia,Oman,Namibia,54 runs,Dubai (DSC),"Oct 29, 2019",T20I # 987
Australia,Sri Lanka,Australia,9 wickets,Brisbane,"Oct 30, 2019",T20I # 988
U.A.E.,Scotland,Scotland,90 runs,Dubai (DSC),"Oct 30, 2019",T20I # 989
Hong Kong,Oman,Oman,12 runs,Dubai (DSC),"Oct 30, 2019",T20I # 990
Oman,Scotland,Scotland,5 wickets,ICCA Dubai,"Oct 31, 2019",T20I # 991
New Zealand,England,England,7 wickets,Christchurch,"Nov 1, 2019",T20I # 992
Australia,Sri Lanka,Australia,7 wickets,Melbourne,"Nov 1, 2019",T20I # 993
Ireland,Netherlands,Netherlands,21 runs,Dubai (DSC),"Nov 1, 2019",T20I # 994
Namibia,P.N.G.,P.N.G.,18 runs,Dubai (DSC),"Nov 1, 2019",T20I # 995
Ireland,Namibia,Ireland,27 runs,Dubai (DSC),"Nov 2, 2019",T20I # 996
Netherlands,P.N.G.,Netherlands,7 wickets,Dubai (DSC),"Nov 2, 2019",T20I # 997
New Zealand,England,New Zealand,21 runs,Wellington,"Nov 3, 2019",T20I # 998
Australia,Pakistan,no result,Sydney,"Nov 3, 2019",T20I # 999,
India,Bangladesh,Bangladesh,7 wickets,Delhi,"Nov 3, 2019",T20I # 1000
New Zealand,England,New Zealand,14 runs,Nelson,"Nov 5, 2019",T20I # 1001
Australia,Pakistan,Australia,7 wickets,Canberra,"Nov 5, 2019",T20I # 1002
Malawi,Mozambique,Malawi,3 wickets,Lilongwe,"Nov 6, 2019",T20I # 1003
Malawi,Mozambique,Malawi,7 wickets,Lilongwe,"Nov 6, 2019",T20I # 1004
Malawi,Mozambique,Malawi,25 runs,Lilongwe,"Nov 7, 2019",T20I # 1005
Malawi,Mozambique,Malawi,4 wickets,Lilongwe,"Nov 7, 2019",T20I # 1006
India,Bangladesh,India,8 wickets,Rajkot,"Nov 7, 2019",T20I # 1007
New Zealand,England,England,76 runs,Napier,"Nov 8, 2019",T20I # 1008
Australia,Pakistan,Australia,10 wickets,Perth,"Nov 8, 2019",T20I # 1009
Malawi,Mozambique,Malawi,15 runs,Blantyre,"Nov 9, 2019",T20I # 1010
Malawi,Mozambique,no result,Blantyre,"Nov 9, 2019",T20I # 1011,
New Zealand,England,tied,Auckland,"Nov 10, 2019",T20I # 1012,
Malawi,Mozambique,Mozambique,11 runs,Blantyre,"Nov 10, 2019",T20I # 1013
India,Bangladesh,India,30 runs,Nagpur,"Nov 10, 2019",T20I # 1014
Afghanistan,West Indies,West Indies,30 runs,Lucknow,"Nov 14, 2019",T20I # 1015
Afghanistan,West Indies,Afghanistan,41 runs,Lucknow,"Nov 16, 2019",T20I # 1016
Afghanistan,West Indies,Afghanistan,29 runs,Lucknow,"Nov 17, 2019",T20I # 1017
Nepal,Bhutan,Nepal,141 runs,Kirtipur,"Dec 5, 2019",T20I # 1018
Nepal,Maldives,Nepal,84 runs,Kirtipur,"Dec 6, 2019",T20I # 1019
India,West Indies,India,6 wickets,Hyderabad (Deccan),"Dec 6, 2019",T20I # 1020
Bhutan,Maldives,Maldives,8 wickets,Kirtipur,"Dec 7, 2019",T20I # 1021
India,West Indies,West Indies,8 wickets,Thiruvananthapuram,"Dec 8, 2019",T20I # 1022
Nepal,Maldives,Nepal,5 wickets,Kirtipur,"Dec 9, 2019",T20I # 1023
India,West Indies,India,67 runs,Mumbai,"Dec 11, 2019",T20I # 1024
